店铺,业务员,不同车型的销量-雅阁,不同车型的销量-浩影,不同车型的销量-缤智,不同车型的销量-冠道,不同车型的销量-凌派,不同车型的销量-飞度,不同车型的销量-奥德赛,所属月份
康明路4S店,李娜,20,34,8,22,14,48,3,七月
康明路4S店,王宝丽,43,37,4,31,7,21,14,七月
康明路4S店,杨婉如,49,36,8,33,8,50,3,七月
康明路4S店,陈浩宇,30,50,15,37,4,44,19,七月
深北大道4S店,张欣,20,27,6,25,13,43,16,七月
深北大道4S店,陈怡,41,24,10,31,10,23,3,七月
深北大道4S店,王伟,30,43,13,24,17,38,16,七月
深北大道4S店,李晨曦,41,21,10,44,18,22,10,七月
