时间,指标,本月(亿元),比上年同月增长(%),累计(亿元),比上年同期累计增长(%),Group
2023年10月,合计,42505.0,10.1,427945.0,7.2,2023年10月全国社会消费品零售总额
2023年10月,  按经营地分,,,,,2023年10月全国社会消费品零售总额
2023年10月,    　城镇,36530.2,10.0,370419.2,7.1,2023年10月全国社会消费品零售总额
2023年10月,    　乡村,5974.8,10.4,57525.7,7.9,2023年10月全国社会消费品零售总额
2023年10月,  按消费类型分,,,,,2023年10月全国社会消费品零售总额
2023年10月,    　商品零售,36925.1,8.0,380460.4,5.9,2023年10月全国社会消费品零售总额
2023年10月,    　餐饮收入,5579.9,25.8,47484.6,19.4,2023年10月全国社会消费品零售总额
2023年11月,合计,43550.2,7.4,471495.2,7.2,2023年11月全国社会消费品零售总额
2023年11月,  按经营地分,,,,,2023年11月全国社会消费品零售总额
2023年11月,    　城镇,37071.0,7.2,407490.3,7.1,2023年11月全国社会消费品零售总额
2023年11月,    　乡村,6479.2,8.9,64004.9,8.0,2023年11月全国社会消费品零售总额
2023年11月,  按消费类型分,,,,,2023年11月全国社会消费品零售总额
2023年11月,    　商品零售,38145.1,4.8,418605.5,5.8,2023年11月全国社会消费品零售总额
2023年11月,    　餐饮收入,5405.1,30.0,52889.7,20.4,2023年11月全国社会消费品零售总额
2023年12月,合计, , , , ,2023年12月全国社会消费品零售总额
2023年12月,  按经营地分,,,,,2023年12月全国社会消费品零售总额
2023年12月,    　城镇, , , , ,2023年12月全国社会消费品零售总额
2023年12月,    　乡村, , , , ,2023年12月全国社会消费品零售总额
2023年12月,  按消费类型分,,,,,2023年12月全国社会消费品零售总额
2023年12月,    　商品零售, , , , ,2023年12月全国社会消费品零售总额
2023年12月,    　餐饮收入, , , , ,2023年12月全国社会消费品零售总额
2023年8月,合计,37932.7,4.6,302281.0,7.0,2023年8月全国社会消费品零售总额
2023年8月,  按经营地分,,,,,2023年8月全国社会消费品零售总额
2023年8月,    　城镇,32973.7,4.4,262425.5,6.9,2023年8月全国社会消费品零售总额
2023年8月,    　乡村,4958.9,6.3,39855.5,7.6,2023年8月全国社会消费品零售总额
2023年8月,  按消费类型分,,,,,2023年8月全国社会消费品零售总额
2023年8月,    　商品零售,33720.6,3.7,269462.8,5.6,2023年8月全国社会消费品零售总额
2023年8月,    　餐饮收入,4212.1,12.4,32818.3,19.4,2023年8月全国社会消费品零售总额
2023年9月,合计,43333.0,7.6,385440.0,6.9,2023年9月全国社会消费品零售总额
2023年9月,  按经营地分,,,,,2023年9月全国社会消费品零售总额
2023年9月,    　城镇,37478.8,7.4,333889.0,6.8,2023年9月全国社会消费品零售总额
2023年9月,    　乡村,5854.2,8.9,51551.0,7.6,2023年9月全国社会消费品零售总额
2023年9月,  按消费类型分,,,,,2023年9月全国社会消费品零售总额
2023年9月,    　商品零售,38533.4,6.5,343535.4,5.6,2023年9月全国社会消费品零售总额
2023年9月,    　餐饮收入,4799.6,17.1,41904.6,18.5,2023年9月全国社会消费品零售总额
2024年1月,合计, , ,81306.9,5.5,2024年1月全国社会消费品零售总额
2024年1月,  按经营地分,,,,,2024年1月全国社会消费品零售总额
2024年1月,    　城镇, , ,70436.9,5.5,2024年1月全国社会消费品零售总额
2024年1月,    　乡村, , ,10870.0,5.8,2024年1月全国社会消费品零售总额
2024年1月,  按消费类型分,,,,,2024年1月全国社会消费品零售总额
2024年1月,    　商品零售, , ,71825.7,4.6,2024年1月全国社会消费品零售总额
2024年1月,    　餐饮收入, , ,9481.2,12.5,2024年1月全国社会消费品零售总额
2024年2月,合计,39019.9,3.1,120326.8,4.7,2024年2月全国社会消费品零售总额
2024年2月,  按经营地分,,,,,2024年2月全国社会消费品零售总额
2024年2月,    　城镇,33843.4,3.0,104280.3,4.6,2024年2月全国社会消费品零售总额
2024年2月,    　乡村,5176.5,3.8,16046.5,5.2,2024年2月全国社会消费品零售总额
2024年2月,  按消费类型分,,,,,2024年2月全国社会消费品零售总额
2024年2月,    　商品零售,35055.9,2.7,106881.6,4.0,2024年2月全国社会消费品零售总额
2024年2月,    　餐饮收入,3964.0,6.9,13445.2,10.8,2024年2月全国社会消费品零售总额
2024年3月,合计,35699.1,2.3,156025.8,4.1,2024年3月全国社会消费品零售总额
2024年3月,  按经营地分,,,,,2024年3月全国社会消费品零售总额
2024年3月,    　城镇,31026.4,2.1,135306.7,4.0,2024年3月全国社会消费品零售总额
2024年3月,    　乡村,4672.7,3.5,20719.1,4.8,2024年3月全国社会消费品零售总额
2024年3月,  按消费类型分,,,,,2024年3月全国社会消费品零售总额
2024年3月,    　商品零售,31783.9,2.0,138665.5,3.5,2024年3月全国社会消费品零售总额
2024年3月,    　餐饮收入,3915.2,4.4,17360.3,9.3,2024年3月全国社会消费品零售总额
2024年4月,合计,39211.0,3.7,195236.9,4.1,2024年4月全国社会消费品零售总额
2024年4月,  按经营地分,,,,,2024年4月全国社会消费品零售总额
2024年4月,    　城镇,34111.2,3.7,169417.9,4.0,2024年4月全国社会消费品零售总额
2024年4月,    　乡村,5099.8,4.1,25819.0,4.7,2024年4月全国社会消费品零售总额
2024年4月,  按消费类型分,,,,,2024年4月全国社会消费品零售总额
2024年4月,    　商品零售,34937.0,3.6,173602.5,3.5,2024年4月全国社会消费品零售总额
2024年4月,    　餐饮收入,4274.0,5.0,21634.4,8.4,2024年4月全国社会消费品零售总额
2024年5月,合计,40731.6,2.0,235969.0,3.7,2024年5月全国社会消费品零售总额
2024年5月,  按经营地分,,,,,2024年5月全国社会消费品零售总额
2024年5月,    　城镇,35140.8,1.7,204558.7,3.6,2024年5月全国社会消费品零售总额
2024年5月,    　乡村,5590.8,3.8,31409.8,4.5,2024年5月全国社会消费品零售总额
2024年5月,  按消费类型分,,,,,2024年5月全国社会消费品零售总额
2024年5月,    　商品零售,36123.1,1.5,209725.6,3.2,2024年5月全国社会消费品零售总额
2024年5月,    　餐饮收入,4608.5,5.4,26242.9,7.9,2024年5月全国社会消费品零售总额
2024年6月,合计,37757.4,2.7,273725.9,3.5,2024年6月全国社会消费品零售总额
2024年6月,  按经营地分,,,,,2024年6月全国社会消费品零售总额
2024年6月,    　城镇,32691.4,2.4,237250.4,3.4,2024年6月全国社会消费品零售总额
2024年6月,    　乡村,5066.0,4.6,36475.5,4.5,2024年6月全国社会消费品零售总额
2024年6月,  按消费类型分,,,,,2024年6月全国社会消费品零售总额
2024年6月,    　商品零售,33354.0,2.7,243079.4,3.1,2024年6月全国社会消费品零售总额
2024年6月,    　餐饮收入,4403.4,3.0,30646.5,7.1,2024年6月全国社会消费品零售总额
2024年7月,合计, , , , ,2024年7月全国社会消费品零售总额
2024年7月,  按经营地分,,,,,2024年7月全国社会消费品零售总额
2024年7月,    　城镇, , , , ,2024年7月全国社会消费品零售总额
2024年7月,    　乡村, , , , ,2024年7月全国社会消费品零售总额
2024年7月,  按消费类型分,,,,,2024年7月全国社会消费品零售总额
2024年7月,    　商品零售, , , , ,2024年7月全国社会消费品零售总额
2024年7月,    　餐饮收入, , , , ,2024年7月全国社会消费品零售总额
2024年8月,合计,37932.7,4.6,302281.0,7.0,2024年8月全国社会消费品零售总额
2024年8月,  按经营地分,,,,,2024年8月全国社会消费品零售总额
2024年8月,    　城镇,32973.7,4.4,262425.5,6.9,2024年8月全国社会消费品零售总额
2024年8月,    　乡村,4958.9,6.3,39855.5,7.6,2024年8月全国社会消费品零售总额
2024年8月,  按消费类型分,,,,,2024年8月全国社会消费品零售总额
2024年8月,    　商品零售,33720.6,3.7,269462.8,5.6,2024年8月全国社会消费品零售总额
2024年8月,    　餐饮收入,4212.1,12.4,32818.3,19.4,2024年8月全国社会消费品零售总额
