﻿国家,技术类型,电路数量,电压,使用寿命,单位资本成本,单位
罗马尼亚,架空输电线路,单回路,400,25,0.37,百万美元/公里
罗马尼亚,架空输电线路,双回路,400,25,0.65,百万美元/公里
罗马尼亚,架空输电线路,单回路,220,25,0.28,百万美元/公里
罗马尼亚,架空输电线路,双回路,220,25,0.52,百万美元/公里
罗马尼亚,架空输电线路,单回路,110,25,0.2,百万美元/公里
罗马尼亚,架空输电线路,双回路,110,25,0.43,百万美元/公里
罗马尼亚,地下输电线路,单回路,220,25,5.65,百万美元/公里
罗马尼亚,地下输电线路,双回路,220,25,9.81,百万美元/公里
罗马尼亚,地下输电线路,单回路,110,25,3.28,百万美元/公里
罗马尼亚,地下输电线路,双回路,110,25,5.11,百万美元/公里
罗马尼亚,变电站,无,400/220,25,48.39,千美元/MVA
罗马尼亚,变电站,无,220/110,25,50.44,千美元/MVA
罗马尼亚,配电网络,无,,25,590.48,美元/千瓦
美国,架空输电线路,单回路,500,25,1.13,百万美元/公里
美国,架空输电线路,双回路,500,25,2.12,百万美元/公里
美国,架空输电线路,单回路,345,25,0.87,百万美元/公里
美国,架空输电线路,双回路,345,25,1.56,百万美元/公里
美国,架空输电线路,单回路,230,25,0.66,百万美元/公里
美国,架空输电线路,双回路,230,25,1.23,百万美元/公里
美国,架空输电线路,单回路,138,25,0.48,百万美元/公里
美国,架空输电线路,双回路,138,25,1.03,百万美元/公里
美国,地下输电线路,单回路,345,25,13.67,百万美元/公里
美国,地下输电线路,双回路,345,25,24.52,百万美元/公里
美国,地下输电线路,单回路,230,25,10.22,百万美元/公里
美国,地下输电线路,双回路,230,25,17.76,百万美元/公里
美国,地下输电线路,单回路,138,25,5.93,百万美元/公里
美国,地下输电线路,双回路,138,25,9.24,百万美元/公里
美国,变电站,无,500/230,25,45.28,千美元/MVA
美国,变电站,无,345/138,25,56.83,千美元/MVA
美国,变电站,无,230/138,25,61.7,千美元/MVA
美国,配电网络,无,,25,1452.38,美元/千瓦
印度,架空输电线路,单回路,400,25,0.15,百万美元/公里
印度,架空输电线路,双回路,400,25,0.23,百万美元/公里
印度,架空输电线路,单回路,220,25,0.1,百万美元/公里
印度,架空输电线路,双回路,220,25,0.16,百万美元/公里
印度,架空输电线路,单回路,132,25,0.08,百万美元/公里
印度,架空输电线路,双回路,132,25,0.1,百万美元/公里
印度,地下输电线路,单回路,220,25,1.45,百万美元/公里
印度,地下输电线路,双回路,220,25,2.45,百万美元/公里
印度,地下输电线路,单回路,132,25,0.76,百万美元/公里
印度,地下输电线路,双回路,132,25,1.26,百万美元/公里
印度,变电站,无,400/220,25,18.11,千美元/MVA
印度,变电站,无,220/132,25,27.28,千美元/MVA
印度,配电网络,无,,25,1333.33,美元/千瓦
牙买加,架空输电线路,单回路,400,25,0.37,百万美元/公里
牙买加,架空输电线路,双回路,400,25,0.65,百万美元/公里
牙买加,架空输电线路,单回路,220,25,0.28,百万美元/公里
牙买加,架空输电线路,双回路,220,25,0.52,百万美元/公里
牙买加,架空输电线路,单回路,110,25,0.2,百万美元/公里
牙买加,架空输电线路,双回路,110,25,0.43,百万美元/公里
牙买加,地下输电线路,单回路,220,25,5.65,百万美元/公里
牙买加,地下输电线路,双回路,220,25,9.81,百万美元/公里
牙买加,地下输电线路,单回路,110,25,3.28,百万美元/公里
牙买加,地下输电线路,双回路,110,25,5.11,百万美元/公里
牙买加,变电站,无,400/220,25,48.39,千美元/MVA
牙买加,变电站,无,220/110,25,50.44,千美元/MVA
牙买加,配电网络,无,,25,590.48,美元/千瓦
