时间,指标,本月,1-本月,当月增速（%）,累计增速（%）,Group
2023年10月,原煤(万吨),41400.0,423877.5,4.6,2.9,2023年10月能源产品产量
2023年10月,原油(万吨),1720.1,19124.7,2.6,1.8,2023年10月能源产品产量
2023年10月,天然气(亿立方米),199.4,2095.9,5.3,6.0,2023年10月能源产品产量
2023年10月,  煤层气(亿立方米),12.66,125.5,20.11,17.78,2023年10月能源产品产量
2023年10月,液化天然气(万吨),186.63,1838.36,11.07,11.13,2023年10月能源产品产量
2023年10月,原油加工量(万吨),5953.5,67621.8,0.2,10.1,2023年10月能源产品产量
2023年10月,汽油(万吨),1269.0,14839.1,7.1,10.0,2023年10月能源产品产量
2023年10月,煤油(万吨),408.5,4572.8,36.2,70.4,2023年10月能源产品产量
2023年10月,柴油(万吨),1765.4,19886.3,-7.5,15.4,2023年10月能源产品产量
2023年10月,燃料油(万吨),434.0,5014.9,8.3,6.0,2023年10月能源产品产量
2023年10月,石脑油(万吨),707.4,7116.9,28.4,25.4,2023年10月能源产品产量
2023年10月,液化石油气(万吨),415.4,4726.8,7.5,5.8,2023年10月能源产品产量
2023年10月,石油焦(万吨),288.7,3030.0,12.2,10.8,2023年10月能源产品产量
2023年10月,石油沥青(万吨),350.0,3523.8,10.6,1.5,2023年10月能源产品产量
2023年10月,焦炭(万吨),4037.0,45040.4,7.2,3.3,2023年10月能源产品产量
2023年10月,发电量(亿千瓦时),7309.7,80732.2,8.4,4.8,2023年10月能源产品产量
2023年10月,  火力发电量(亿千瓦时),5076.7,56177.9,6.3,5.7,2023年10月能源产品产量
2023年10月,  水力发电量(亿千瓦时),829.9,10635.7,5.4,-6.2,2023年10月能源产品产量
2023年10月,  核能发电量(亿千瓦时),364.6,3951.9,-2.4,4.5,2023年10月能源产品产量
2023年10月,  风力发电量(亿千瓦时),803.9,7251.9,26.6,12.5,2023年10月能源产品产量
2023年10月,  太阳能发电量(亿千瓦时),234.56,2713.98,35.4,16.8,2023年10月能源产品产量
2023年10月,煤气(亿立方米),1301.3,15519.4,2.4,4.5,2023年10月能源产品产量
2023年11月,原煤(万吨),41430.7,465838.0,1.9,2.9,2023年11月能源产品产量
2023年11月,原油(万吨),1764.7,20891.5,4.6,2.0,2023年11月能源产品产量
2023年11月,天然气(亿立方米),208.6,2297.1,2.9,5.8,2023年11月能源产品产量
2023年11月,  煤层气(亿立方米),13.81,139.4,20.25,17.78,2023年11月能源产品产量
2023年11月,液化天然气(万吨),174.35,2037.11,19.58,13.17,2023年11月能源产品产量
2023年11月,原油加工量(万吨),6011.5,73477.8,1.1,9.3,2023年11月能源产品产量
2023年11月,汽油(万吨),1296.2,16138.4,11.4,10.1,2023年11月能源产品产量
2023年11月,煤油(万吨),395.6,4968.4,47.6,68.3,2023年11月能源产品产量
2023年11月,柴油(万吨),1840.0,21729.0,-5.4,13.3,2023年11月能源产品产量
2023年11月,燃料油(万吨),398.6,5364.7,-5.9,4.9,2023年11月能源产品产量
2023年11月,石脑油(万吨),734.7,7837.5,29.1,24.8,2023年11月能源产品产量
2023年11月,液化石油气(万吨),442.5,5173.0,17.7,6.1,2023年11月能源产品产量
2023年11月,石油焦(万吨),314.2,3342.6,12.0,11.0,2023年11月能源产品产量
2023年11月,石油沥青(万吨),289.3,3749.3,-1.7,1.1,2023年11月能源产品产量
2023年11月,焦炭(万吨),4128.1,49260.0,4.8,3.6,2023年11月能源产品产量
2023年11月,发电量(亿千瓦时),8289.8,89090.8,8.0,5.2,2023年11月能源产品产量
2023年11月,  火力发电量(亿千瓦时),6109.1,62318.0,9.3,6.1,2023年11月能源产品产量
2023年11月,  水力发电量(亿千瓦时),775.0,11408.9,2.5,-5.6,2023年11月能源产品产量
2023年11月,  核能发电量(亿千瓦时),380.6,4332.6,-4.2,3.7,2023年11月能源产品产量
2023年11月,  风力发电量(亿千瓦时),814.2,8090.5,7.4,12.3,2023年11月能源产品产量
2023年11月,  太阳能发电量(亿千瓦时),210.54,2939.68,17.2,17.2,2023年11月能源产品产量
2023年11月,煤气(亿立方米),1252.7,16775.8,-2.9,3.9,2023年11月能源产品产量
2023年12月,原煤(万吨), , , , ,2023年12月能源产品产量
2023年12月,原油(万吨), , , , ,2023年12月能源产品产量
2023年12月,天然气(亿立方米), , , , ,2023年12月能源产品产量
2023年12月,  煤层气(亿立方米), , , , ,2023年12月能源产品产量
2023年12月,液化天然气(万吨), , , , ,2023年12月能源产品产量
2023年12月,原油加工量(万吨), , , , ,2023年12月能源产品产量
2023年12月,汽油(万吨), , , , ,2023年12月能源产品产量
2023年12月,煤油(万吨), , , , ,2023年12月能源产品产量
2023年12月,柴油(万吨), , , , ,2023年12月能源产品产量
2023年12月,燃料油(万吨), , , , ,2023年12月能源产品产量
2023年12月,石脑油(万吨), , , , ,2023年12月能源产品产量
2023年12月,液化石油气(万吨), , , , ,2023年12月能源产品产量
2023年12月,石油焦(万吨), , , , ,2023年12月能源产品产量
2023年12月,石油沥青(万吨), , , , ,2023年12月能源产品产量
2023年12月,焦炭(万吨), , , , ,2023年12月能源产品产量
2023年12月,发电量(亿千瓦时), , , , ,2023年12月能源产品产量
2023年12月,  火力发电量(亿千瓦时), , , , ,2023年12月能源产品产量
2023年12月,  水力发电量(亿千瓦时), , , , ,2023年12月能源产品产量
2023年12月,  核能发电量(亿千瓦时), , , , ,2023年12月能源产品产量
2023年12月,  风力发电量(亿千瓦时), , , , ,2023年12月能源产品产量
2023年12月,  太阳能发电量(亿千瓦时), , , , ,2023年12月能源产品产量
2023年12月,煤气(亿立方米), , , , ,2023年12月能源产品产量
2023年8月,原煤(万吨),38217.4,305083.9,2.0,3.4,2023年8月能源产品产量
2023年8月,原油(万吨),1747.1,13984.8,3.1,2.1,2023年8月能源产品产量
2023年8月,天然气(亿立方米),181.0,1521.5,6.3,5.7,2023年8月能源产品产量
2023年8月,  煤层气(亿立方米),11.0,87.46,12.85,13.13,2023年8月能源产品产量
2023年8月,液化天然气(万吨),173.22,1273.77,21.14,10.55,2023年8月能源产品产量
2023年8月,原油加工量(万吨),6469.4,49140.1,19.6,11.9,2023年8月能源产品产量
2023年8月,汽油(万吨),1468.6,10692.9,20.6,8.6,2023年8月能源产品产量
2023年8月,煤油(万吨),510.1,3223.8,78.1,70.4,2023年8月能源产品产量
2023年8月,柴油(万吨),1835.3,14366.5,28.1,22.8,2023年8月能源产品产量
2023年8月,燃料油(万吨),455.2,3519.1,-4.7,2.8,2023年8月能源产品产量
2023年8月,石脑油(万吨),638.2,5026.1,38.4,31.6,2023年8月能源产品产量
2023年8月,液化石油气(万吨),442.9,3432.0,12.1,3.7,2023年8月能源产品产量
2023年8月,石油焦(万吨),274.9,2171.9,9.8,9.8,2023年8月能源产品产量
2023年8月,石油沥青(万吨),353.3,2525.8,4.9,-0.3,2023年8月能源产品产量
2023年8月,焦炭(万吨),4157.9,32592.9,6.0,2.3,2023年8月能源产品产量
2023年8月,发电量(亿千瓦时),8449.9,58662.6,1.1,3.6,2023年8月能源产品产量
2023年8月,  火力发电量(亿千瓦时),5890.5,41389.5,-2.2,6.1,2023年8月能源产品产量
2023年8月,  水力发电量(亿千瓦时),1466.2,7187.4,18.5,-15.9,2023年8月能源产品产量
2023年8月,  核能发电量(亿千瓦时),383.3,2882.6,5.5,5.9,2023年8月能源产品产量
2023年8月,  风力发电量(亿千瓦时),440.6,5308.4,-11.5,14.4,2023年8月能源产品产量
2023年8月,  太阳能发电量(亿千瓦时),269.19,1894.0,13.9,9.9,2023年8月能源产品产量
2023年8月,煤气(亿立方米),1452.5,11440.9,8.3,6.0,2023年8月能源产品产量
2023年9月,原煤(万吨),38875.3,382922.4,3.8,3.1,2023年9月能源产品产量
2023年9月,原油(万吨),1732.5,17404.6,0.5,1.7,2023年9月能源产品产量
2023年9月,天然气(亿立方米),190.2,1896.3,2.6,6.1,2023年9月能源产品产量
2023年9月,  煤层气(亿立方米),11.98,113.57,20.33,18.27,2023年9月能源产品产量
2023年9月,液化天然气(万吨),190.66,1644.59,13.41,11.16,2023年9月能源产品产量
2023年9月,原油加工量(万吨),6392.7,61876.2,9.1,11.2,2023年9月能源产品产量
2023年9月,汽油(万吨),1408.4,13555.7,13.1,10.2,2023年9月能源产品产量
2023年9月,煤油(万吨),455.0,4164.2,86.9,74.7,2023年9月能源产品产量
2023年9月,柴油(万吨),1943.8,18098.5,2.8,18.1,2023年9月能源产品产量
2023年9月,燃料油(万吨),448.6,4582.8,11.2,5.7,2023年9月能源产品产量
2023年9月,石脑油(万吨),702.1,6366.8,28.9,25.4,2023年9月能源产品产量
2023年9月,液化石油气(万吨),445.5,4323.6,7.8,5.4,2023年9月能源产品产量
2023年9月,石油焦(万吨),292.3,2740.8,11.7,10.6,2023年9月能源产品产量
2023年9月,石油沥青(万吨),335.7,3176.7,4.2,1.2,2023年9月能源产品产量
2023年9月,焦炭(万吨),4153.7,41001.1,5.8,2.9,2023年9月能源产品产量
2023年9月,发电量(亿千瓦时),7043.5,73330.0,5.2,4.4,2023年9月能源产品产量
2023年9月,  火力发电量(亿千瓦时),4654.1,51077.1,4.0,5.7,2023年9月能源产品产量
2023年9月,  水力发电量(亿千瓦时),1222.5,9804.9,21.8,-7.1,2023年9月能源产品产量
2023年9月,  核能发电量(亿千瓦时),359.4,3587.3,-0.2,5.3,2023年9月能源产品产量
2023年9月,  风力发电量(亿千瓦时),563.1,6424.3,-13.1,10.8,2023年9月能源产品产量
2023年9月,  太阳能发电量(亿千瓦时),244.31,2435.71,15.3,12.5,2023年9月能源产品产量
2023年9月,煤气(亿立方米),1368.1,14221.7,1.2,4.7,2023年9月能源产品产量
2024年1月,原煤(万吨), ,70526.7, ,-4.2,2024年1月能源产品产量
2024年1月,原油(万吨), ,3510.9, ,2.9,2024年1月能源产品产量
2024年1月,天然气(亿立方米), ,416.7, ,5.9,2024年1月能源产品产量
2024年1月,  煤层气(亿立方米), ,25.2, ,18.2,2024年1月能源产品产量
2024年1月,液化天然气(万吨), ,332.8, ,18.6,2024年1月能源产品产量
2024年1月,原油加工量(万吨), ,11875.5, ,3.0,2024年1月能源产品产量
2024年1月,汽油(万吨), ,2749.6, ,10.8,2024年1月能源产品产量
2024年1月,煤油(万吨), ,947.9, ,36.2,2024年1月能源产品产量
2024年1月,柴油(万吨), ,3331.4, ,-1.8,2024年1月能源产品产量
2024年1月,燃料油(万吨), ,818.1, ,-1.4,2024年1月能源产品产量
2024年1月,石脑油(万吨), ,1338.4, ,20.2,2024年1月能源产品产量
2024年1月,液化石油气(万吨), ,912.7, ,12.5,2024年1月能源产品产量
2024年1月,石油焦(万吨), ,565.5, ,5.1,2024年1月能源产品产量
2024年1月,石油沥青(万吨), ,515.8, ,-1.5,2024年1月能源产品产量
2024年1月,焦炭(万吨), ,8039.5, ,2.1,2024年1月能源产品产量
2024年1月,发电量(亿千瓦时), ,14870.3, ,8.3,2024年1月能源产品产量
2024年1月,  火力发电量(亿千瓦时), ,10801.9, ,9.7,2024年1月能源产品产量
2024年1月,  水力发电量(亿千瓦时), ,1389.6, ,0.8,2024年1月能源产品产量
2024年1月,  核能发电量(亿千瓦时), ,691.1, ,3.5,2024年1月能源产品产量
2024年1月,  风力发电量(亿千瓦时), ,1497.3, ,5.8,2024年1月能源产品产量
2024年1月,  太阳能发电量(亿千瓦时), ,490.28, ,15.4,2024年1月能源产品产量
2024年1月,煤气(亿立方米), ,2680.9, ,1.3,2024年1月能源产品产量
2024年2月,原煤(万吨),39933.3,110556.0,-4.2,-4.1,2024年2月能源产品产量
2024年2月,原油(万吨),1837.1,5348.1,1.2,2.3,2024年2月能源产品产量
2024年2月,天然气(亿立方米),215.9,631.9,4.5,5.2,2024年2月能源产品产量
2024年2月,  煤层气(亿立方米),12.8,38.0,15.2,14.9,2024年2月能源产品产量
2024年2月,液化天然气(万吨),195.1,533.0,10.6,16.3,2024年2月能源产品产量
2024年2月,原油加工量(万吨),6377.6,18246.1,1.3,2.4,2024年2月能源产品产量
2024年2月,汽油(万吨),1429.1,4179.2,6.5,9.3,2024年2月能源产品产量
2024年2月,煤油(万吨),509.4,1457.3,34.3,35.5,2024年2月能源产品产量
2024年2月,柴油(万吨),1868.9,5201.8,0.5,-1.0,2024年2月能源产品产量
2024年2月,燃料油(万吨),402.0,1219.1,-21.9,-9.3,2024年2月能源产品产量
2024年2月,石脑油(万吨),680.2,2015.2,9.9,16.3,2024年2月能源产品产量
2024年2月,液化石油气(万吨),466.7,1381.1,7.2,11.0,2024年2月能源产品产量
2024年2月,石油焦(万吨),284.6,851.0,3.5,4.7,2024年2月能源产品产量
2024年2月,石油沥青(万吨),283.1,798.9,-11.2,-5.3,2024年2月能源产品产量
2024年2月,焦炭(万吨),3937.2,11988.8,-6.0,-0.5,2024年2月能源产品产量
2024年2月,发电量(亿千瓦时),7476.9,22371.6,2.8,6.7,2024年2月能源产品产量
2024年2月,  火力发电量(亿千瓦时),5200.7,16028.0,0.5,6.6,2024年2月能源产品产量
2024年2月,  水力发电量(亿千瓦时),712.0,2101.7,3.1,2.2,2024年2月能源产品产量
2024年2月,  核能发电量(亿千瓦时),348.1,1039.2,-4.8,0.6,2024年2月能源产品产量
2024年2月,  风力发电量(亿千瓦时),905.0,2419.4,16.8,11.0,2024年2月能源产品产量
2024年2月,  太阳能发电量(亿千瓦时),311.1,783.22,15.8,17.5,2024年2月能源产品产量
2024年2月,煤气(亿立方米),1389.4,4078.4,-6.2,-1.1,2024年2月能源产品产量
2024年3月,原煤(万吨),37166.5,147579.0,-2.9,-3.5,2024年3月能源产品产量
2024年3月,原油(万吨),1746.7,7095.4,1.3,2.1,2024年3月能源产品产量
2024年3月,天然气(亿立方米),198.4,830.1,3.2,5.0,2024年3月能源产品产量
2024年3月,  煤层气(亿立方米),13.2,51.3,17.6,16.0,2024年3月能源产品产量
2024年3月,液化天然气(万吨),190.2,722.8,10.1,15.5,2024年3月能源产品产量
2024年3月,原油加工量(万吨),5878.8,24125.6,-3.3,1.1,2024年3月能源产品产量
2024年3月,汽油(万吨),1332.3,5527.5,1.0,7.6,2024年3月能源产品产量
2024年3月,煤油(万吨),469.2,1926.5,32.7,34.8,2024年3月能源产品产量
2024年3月,柴油(万吨),1727.0,6931.8,-6.1,-2.5,2024年3月能源产品产量
2024年3月,燃料油(万吨),346.4,1565.8,-29.9,-18.5,2024年3月能源产品产量
2024年3月,石脑油(万吨),652.8,2668.4,14.9,14.9,2024年3月能源产品产量
2024年3月,液化石油气(万吨),408.2,1785.7,-7.9,5.8,2024年3月能源产品产量
2024年3月,石油焦(万吨),269.6,1120.4,1.4,4.0,2024年3月能源产品产量
2024年3月,石油沥青(万吨),273.8,1072.7,-14.5,-7.4,2024年3月能源产品产量
2024年3月,焦炭(万吨),3849.0,15848.4,-6.9,-2.1,2024年3月能源产品产量
2024年3月,发电量(亿千瓦时),6900.8,29328.7,3.1,6.1,2024年3月能源产品产量
2024年3月,  火力发电量(亿千瓦时),4578.7,20621.9,1.3,5.5,2024年3月能源产品产量
2024年3月,  水力发电量(亿千瓦时),834.8,2937.4,21.0,7.5,2024年3月能源产品产量
2024年3月,  核能发电量(亿千瓦时),365.7,1404.9,5.9,1.9,2024年3月能源产品产量
2024年3月,  风力发电量(亿千瓦时),807.6,3250.4,-8.4,6.3,2024年3月能源产品产量
2024年3月,  太阳能发电量(亿千瓦时),314.0,1113.96,21.4,20.4,2024年3月能源产品产量
2024年3月,煤气(亿立方米),1358.1,5439.9,-7.6,-2.8,2024年3月能源产品产量
2024年4月,原煤(万吨),38385.3,185787.8,-0.8,-3.0,2024年4月能源产品产量
2024年4月,原油(万吨),1814.7,8910.1,0.6,1.8,2024年4月能源产品产量
2024年4月,天然气(亿立方米),202.7,1032.8,6.3,5.2,2024年4月能源产品产量
2024年4月,  煤层气(亿立方米),14.46,65.92,26.79,18.48,2024年4月能源产品产量
2024年4月,液化天然气(万吨),197.54,920.6,13.49,15.17,2024年4月能源产品产量
2024年4月,原油加工量(万吨),6051.7,30177.2,-1.8,0.3,2024年4月能源产品产量
2024年4月,汽油(万吨),1382.4,6909.8,2.9,6.6,2024年4月能源产品产量
2024年4月,煤油(万吨),489.9,2416.4,23.9,32.5,2024年4月能源产品产量
2024年4月,柴油(万吨),1734.9,8666.7,-6.4,-3.3,2024年4月能源产品产量
2024年4月,燃料油(万吨),323.4,1888.0,-25.9,-16.0,2024年4月能源产品产量
2024年4月,石脑油(万吨),632.1,3299.6,8.7,13.6,2024年4月能源产品产量
2024年4月,液化石油气(万吨),457.0,2242.4,0.8,5.2,2024年4月能源产品产量
2024年4月,石油焦(万吨),270.6,1391.1,-1.0,3.0,2024年4月能源产品产量
2024年4月,石油沥青(万吨),301.6,1374.3,-8.5,-7.6,2024年4月能源产品产量
2024年4月,焦炭(万吨),4096.1,19946.8,-1.5,-1.9,2024年4月能源产品产量
2024年4月,发电量(亿千瓦时),7178.5,36569.7,2.3,5.5,2024年4月能源产品产量
2024年4月,  火力发电量(亿千瓦时),4538.4,25172.6,-4.3,3.6,2024年4月能源产品产量
2024年4月,  水力发电量(亿千瓦时),1149.9,4088.5,38.6,14.9,2024年4月能源产品产量
2024年4月,  核能发电量(亿千瓦时),360.1,1764.9,-2.4,1.0,2024年4月能源产品产量
2024年4月,  风力发电量(亿千瓦时),771.5,4048.3,-3.3,5.0,2024年4月能源产品产量
2024年4月,  太阳能发电量(亿千瓦时),358.67,1495.23,29.1,25.3,2024年4月能源产品产量
2024年4月,煤气(亿立方米),1448.9,6891.3,-0.3,-2.5,2024年4月能源产品产量
2024年5月,原煤(万吨),40538.2,226550.9,3.6,-1.7,2024年5月能源产品产量
2024年5月,原油(万吨),1794.6,10704.7,2.4,1.9,2024年5月能源产品产量
2024年5月,天然气(亿立方米),202.4,1235.6,9.6,6.0,2024年5月能源产品产量
2024年5月,  煤层气(亿立方米),16.3,82.6,44.5,23.4,2024年5月能源产品产量
2024年5月,液化天然气(万吨),209.2,1143.2,23.9,17.9,2024年5月能源产品产量
2024年5月,原油加工量(万吨),5831.8,36008.9,-3.7,-0.4,2024年5月能源产品产量
2024年5月,汽油(万吨),1370.2,8282.8,2.8,6.1,2024年5月能源产品产量
2024年5月,煤油(万吨),468.1,2884.5,16.6,29.6,2024年5月能源产品产量
2024年5月,柴油(万吨),1656.6,10322.2,-7.5,-3.9,2024年5月能源产品产量
2024年5月,燃料油(万吨),361.4,2249.4,-19.1,-16.4,2024年5月能源产品产量
2024年5月,石脑油(万吨),624.6,3927.0,-10.5,8.4,2024年5月能源产品产量
2024年5月,液化石油气(万吨),457.8,2700.2,9.0,5.7,2024年5月能源产品产量
2024年5月,石油焦(万吨),261.9,1652.9,-3.0,2.0,2024年5月能源产品产量
2024年5月,石油沥青(万吨),279.9,1654.2,-11.9,-8.3,2024年5月能源产品产量
2024年5月,焦炭(万吨),4163.5,24182.1,2.2,-0.9,2024年5月能源产品产量
2024年5月,发电量(亿千瓦时),7685.2,44354.5,2.3,5.2,2024年5月能源产品产量
2024年5月,  火力发电量(亿千瓦时),4870.1,30052.7,-7.4,1.7,2024年5月能源产品产量
2024年5月,  水力发电量(亿千瓦时),1437.6,5525.8,44.5,21.4,2024年5月能源产品产量
2024年5月,  核能发电量(亿千瓦时),356.5,2121.5,-4.0,0.1,2024年5月能源产品产量
2024年5月,  风力发电量(亿千瓦时),668.6,4755.2,12.7,6.9,2024年5月能源产品产量
2024年5月,  太阳能发电量(亿千瓦时),352.29,1899.3,18.1,27.1,2024年5月能源产品产量
2024年5月,煤气(亿立方米),1434.4,8342.8,-0.8,-2.0,2024年5月能源产品产量
2024年6月,原煤(万吨),39036.6,265693.1,2.8,-0.8,2024年6月能源产品产量
2024年6月,原油(万吨),1790.1,12496.0,3.4,2.1,2024年6月能源产品产量
2024年6月,天然气(亿立方米),200.4,1436.4,7.9,6.2,2024年6月能源产品产量
2024年6月,  煤层气(亿立方米),14.6,97.3,30.6,23.0,2024年6月能源产品产量
2024年6月,液化天然气(万吨),195.6,1342.6,15.3,17.8,2024年6月能源产品产量
2024年6月,原油加工量(万吨),5906.2,41915.1,-6.1,-1.2,2024年6月能源产品产量
2024年6月,汽油(万吨),1393.9,9676.7,-3.2,4.7,2024年6月能源产品产量
2024年6月,煤油(万吨),487.5,3372.0,-1.8,23.9,2024年6月能源产品产量
2024年6月,柴油(万吨),1620.6,11938.7,-9.2,-4.7,2024年6月能源产品产量
2024年6月,燃料油(万吨),357.7,2606.0,-18.9,-14.5,2024年6月能源产品产量
2024年6月,石脑油(万吨),668.8,4595.9,3.5,4.7,2024年6月能源产品产量
2024年6月,液化石油气(万吨),451.9,3152.1,4.4,5.3,2024年6月能源产品产量
2024年6月,石油焦(万吨),271.5,1924.4,-2.0,1.4,2024年6月能源产品产量
2024年6月,石油沥青(万吨),275.2,1925.6,-16.7,-9.8,2024年6月能源产品产量
2024年6月,焦炭(万吨),4157.6,28343.5,2.7,-0.4,2024年6月能源产品产量
2024年6月,发电量(亿千瓦时),8831.1,53239.3,2.5,4.8,2024年6月能源产品产量
2024年6月,  火力发电量(亿千瓦时),5749.2,35813.9,-4.9,0.5,2024年6月能源产品产量
2024年6月,  水力发电量(亿千瓦时),1664.5,7188.0,36.2,24.5,2024年6月能源产品产量
2024年6月,  核能发电量(亿千瓦时),396.7,2518.2,4.3,0.8,2024年6月能源产品产量
2024年6月,  风力发电量(亿千瓦时),660.9,5437.3,0.9,7.1,2024年6月能源产品产量
2024年6月,  太阳能发电量(亿千瓦时),359.73,2281.79,16.4,26.4,2024年6月能源产品产量
2024年6月,煤气(亿立方米),1396.5,9740.3,-5.1,-2.6,2024年6月能源产品产量
2024年7月,原煤(万吨), , , , ,2024年7月能源产品产量
2024年7月,原油(万吨), , , , ,2024年7月能源产品产量
2024年7月,天然气(亿立方米), , , , ,2024年7月能源产品产量
2024年7月,  煤层气(亿立方米), , , , ,2024年7月能源产品产量
2024年7月,液化天然气(万吨), , , , ,2024年7月能源产品产量
2024年7月,原油加工量(万吨), , , , ,2024年7月能源产品产量
2024年7月,汽油(万吨), , , , ,2024年7月能源产品产量
2024年7月,煤油(万吨), , , , ,2024年7月能源产品产量
2024年7月,柴油(万吨), , , , ,2024年7月能源产品产量
2024年7月,燃料油(万吨), , , , ,2024年7月能源产品产量
2024年7月,石脑油(万吨), , , , ,2024年7月能源产品产量
2024年7月,液化石油气(万吨), , , , ,2024年7月能源产品产量
2024年7月,石油焦(万吨), , , , ,2024年7月能源产品产量
2024年7月,石油沥青(万吨), , , , ,2024年7月能源产品产量
2024年7月,焦炭(万吨), , , , ,2024年7月能源产品产量
2024年7月,发电量(亿千瓦时), , , , ,2024年7月能源产品产量
2024年7月,  火力发电量(亿千瓦时), , , , ,2024年7月能源产品产量
2024年7月,  水力发电量(亿千瓦时), , , , ,2024年7月能源产品产量
2024年7月,  核能发电量(亿千瓦时), , , , ,2024年7月能源产品产量
2024年7月,  风力发电量(亿千瓦时), , , , ,2024年7月能源产品产量
2024年7月,  太阳能发电量(亿千瓦时), , , , ,2024年7月能源产品产量
2024年7月,煤气(亿立方米), , , , ,2024年7月能源产品产量
2024年8月,原煤(万吨),38217.4,305083.9,2.0,3.4,2024年8月能源产品产量
2024年8月,原油(万吨),1747.1,13984.8,3.1,2.1,2024年8月能源产品产量
2024年8月,天然气(亿立方米),181.0,1521.5,6.3,5.7,2024年8月能源产品产量
2024年8月,  煤层气(亿立方米),11.0,87.46,12.85,13.13,2024年8月能源产品产量
2024年8月,液化天然气(万吨),173.22,1273.77,21.14,10.55,2024年8月能源产品产量
2024年8月,原油加工量(万吨),6469.4,49140.1,19.6,11.9,2024年8月能源产品产量
2024年8月,汽油(万吨),1468.6,10692.9,20.6,8.6,2024年8月能源产品产量
2024年8月,煤油(万吨),510.1,3223.8,78.1,70.4,2024年8月能源产品产量
2024年8月,柴油(万吨),1835.3,14366.5,28.1,22.8,2024年8月能源产品产量
2024年8月,燃料油(万吨),455.2,3519.1,-4.7,2.8,2024年8月能源产品产量
2024年8月,石脑油(万吨),638.2,5026.1,38.4,31.6,2024年8月能源产品产量
2024年8月,液化石油气(万吨),442.9,3432.0,12.1,3.7,2024年8月能源产品产量
2024年8月,石油焦(万吨),274.9,2171.9,9.8,9.8,2024年8月能源产品产量
2024年8月,石油沥青(万吨),353.3,2525.8,4.9,-0.3,2024年8月能源产品产量
2024年8月,焦炭(万吨),4157.9,32592.9,6.0,2.3,2024年8月能源产品产量
2024年8月,发电量(亿千瓦时),8449.9,58662.6,1.1,3.6,2024年8月能源产品产量
2024年8月,  火力发电量(亿千瓦时),5890.5,41389.5,-2.2,6.1,2024年8月能源产品产量
2024年8月,  水力发电量(亿千瓦时),1466.2,7187.4,18.5,-15.9,2024年8月能源产品产量
2024年8月,  核能发电量(亿千瓦时),383.3,2882.6,5.5,5.9,2024年8月能源产品产量
2024年8月,  风力发电量(亿千瓦时),440.6,5308.4,-11.5,14.4,2024年8月能源产品产量
2024年8月,  太阳能发电量(亿千瓦时),269.19,1894.0,13.9,9.9,2024年8月能源产品产量
2024年8月,煤气(亿立方米),1452.5,11440.9,8.3,6.0,2024年8月能源产品产量
