时间,地区,居民消费价格指数-当月(上年同月＝100),居民消费价格指数-累计(上年同期＝100),商品零售价格指数-当月(上年同月＝100),商品零售价格指数-累计(上年同期＝100),Group
2023年10月,山西省,99.0,100.0, , ,2023年10月各地居民消费和商品零售价格指数
2023年10月,内蒙古自治区,100.0,100.6, , ,2023年10月各地居民消费和商品零售价格指数
2023年10月,辽宁省,99.5,100.2, , ,2023年10月各地居民消费和商品零售价格指数
2023年10月,吉林省,99.5,99.9, , ,2023年10月各地居民消费和商品零售价格指数
2023年10月,黑龙江省,100.2,100.7, , ,2023年10月各地居民消费和商品零售价格指数
2023年10月,上海市,99.8,100.4, , ,2023年10月各地居民消费和商品零售价格指数
2023年10月,江苏省,99.6,100.5, , ,2023年10月各地居民消费和商品零售价格指数
2023年10月,浙江省,99.9,100.3, , ,2023年10月各地居民消费和商品零售价格指数
2023年10月,安徽省,99.6,100.2, , ,2023年10月各地居民消费和商品零售价格指数
2023年10月,福建省,99.0,100.1, , ,2023年10月各地居民消费和商品零售价格指数
2023年10月,江西省,99.8,100.3, , ,2023年10月各地居民消费和商品零售价格指数
2023年10月,山东省,99.3,100.2, , ,2023年10月各地居民消费和商品零售价格指数
2023年10月,河南省,98.9,99.8, , ,2023年10月各地居民消费和商品零售价格指数
2023年10月,湖北省,99.3,100.1, , ,2023年10月各地居民消费和商品零售价格指数
2023年10月,湖南省,99.5,100.2, , ,2023年10月各地居民消费和商品零售价格指数
2023年10月,广东省,99.9,100.5, , ,2023年10月各地居民消费和商品零售价格指数
2023年10月,广西壮族自治区,99.3,99.9, , ,2023年10月各地居民消费和商品零售价格指数
2023年10月,海南省,100.0,100.4, , ,2023年10月各地居民消费和商品零售价格指数
2023年10月,重庆市,98.5,99.8, , ,2023年10月各地居民消费和商品零售价格指数
2023年10月,四川省,99.2,100.1, , ,2023年10月各地居民消费和商品零售价格指数
2023年10月,贵州省,99.1,99.7, , ,2023年10月各地居民消费和商品零售价格指数
2023年10月,云南省,99.3,100.4, , ,2023年10月各地居民消费和商品零售价格指数
2023年10月,西藏自治区,98.6,100.0, , ,2023年10月各地居民消费和商品零售价格指数
2023年10月,陕西省,99.6,100.2, , ,2023年10月各地居民消费和商品零售价格指数
2023年10月,甘肃省,99.5,100.6, , ,2023年10月各地居民消费和商品零售价格指数
2023年10月,青海省,99.6,100.5, , ,2023年10月各地居民消费和商品零售价格指数
2023年10月,宁夏回族自治区,99.5,100.5, , ,2023年10月各地居民消费和商品零售价格指数
2023年10月,新疆维吾尔自治区,97.6,100.1, , ,2023年10月各地居民消费和商品零售价格指数
2023年11月,山西省,99.2,99.9, , ,2023年11月各地居民消费和商品零售价格指数
2023年11月,内蒙古自治区,100.3,100.6, , ,2023年11月各地居民消费和商品零售价格指数
2023年11月,辽宁省,99.6,100.1, , ,2023年11月各地居民消费和商品零售价格指数
2023年11月,吉林省,99.6,99.9, , ,2023年11月各地居民消费和商品零售价格指数
2023年11月,黑龙江省,100.4,100.6, , ,2023年11月各地居民消费和商品零售价格指数
2023年11月,上海市,99.7,100.3, , ,2023年11月各地居民消费和商品零售价格指数
2023年11月,江苏省,99.8,100.4, , ,2023年11月各地居民消费和商品零售价格指数
2023年11月,浙江省,99.7,100.3, , ,2023年11月各地居民消费和商品零售价格指数
2023年11月,安徽省,100.0,100.2, , ,2023年11月各地居民消费和商品零售价格指数
2023年11月,福建省,99.0,100.0, , ,2023年11月各地居民消费和商品零售价格指数
2023年11月,江西省,100.2,100.3, , ,2023年11月各地居民消费和商品零售价格指数
2023年11月,山东省,99.5,100.1, , ,2023年11月各地居民消费和商品零售价格指数
2023年11月,河南省,99.5,99.8, , ,2023年11月各地居民消费和商品零售价格指数
2023年11月,湖北省,99.8,100.1, , ,2023年11月各地居民消费和商品零售价格指数
2023年11月,湖南省,99.8,100.2, , ,2023年11月各地居民消费和商品零售价格指数
2023年11月,广东省,99.7,100.4, , ,2023年11月各地居民消费和商品零售价格指数
2023年11月,广西壮族自治区,99.2,99.8, , ,2023年11月各地居民消费和商品零售价格指数
2023年11月,海南省,99.7,100.3, , ,2023年11月各地居民消费和商品零售价格指数
2023年11月,重庆市,98.7,99.7, , ,2023年11月各地居民消费和商品零售价格指数
2023年11月,四川省,99.3,100.0, , ,2023年11月各地居民消费和商品零售价格指数
2023年11月,贵州省,99.4,99.7, , ,2023年11月各地居民消费和商品零售价格指数
2023年11月,云南省,99.5,100.3, , ,2023年11月各地居民消费和商品零售价格指数
2023年11月,西藏自治区,98.8,99.9, , ,2023年11月各地居民消费和商品零售价格指数
2023年11月,陕西省,99.7,100.1, , ,2023年11月各地居民消费和商品零售价格指数
2023年11月,甘肃省,99.9,100.5, , ,2023年11月各地居民消费和商品零售价格指数
2023年11月,青海省,100.1,100.5, , ,2023年11月各地居民消费和商品零售价格指数
2023年11月,宁夏回族自治区,99.7,100.4, , ,2023年11月各地居民消费和商品零售价格指数
2023年11月,新疆维吾尔自治区,98.7,100.0, , ,2023年11月各地居民消费和商品零售价格指数
2023年12月,山西省,98.8,98.8, , ,2023年12月各地居民消费和商品零售价格指数
2023年12月,内蒙古自治区,100.2,100.2, , ,2023年12月各地居民消费和商品零售价格指数
2023年12月,辽宁省,99.1,99.1, , ,2023年12月各地居民消费和商品零售价格指数
2023年12月,吉林省,99.0,99.0, , ,2023年12月各地居民消费和商品零售价格指数
2023年12月,黑龙江省,99.9,99.9, , ,2023年12月各地居民消费和商品零售价格指数
2023年12月,上海市,98.9,98.9, , ,2023年12月各地居民消费和商品零售价格指数
2023年12月,江苏省,99.2,99.2, , ,2023年12月各地居民消费和商品零售价格指数
2023年12月,浙江省,98.8,98.8, , ,2023年12月各地居民消费和商品零售价格指数
2023年12月,安徽省,99.4,99.4, , ,2023年12月各地居民消费和商品零售价格指数
2023年12月,福建省,98.3,98.3, , ,2023年12月各地居民消费和商品零售价格指数
2023年12月,江西省,99.5,99.5, , ,2023年12月各地居民消费和商品零售价格指数
2023年12月,山东省,99.4,99.4, , ,2023年12月各地居民消费和商品零售价格指数
2023年12月,河南省,99.3,99.3, , ,2023年12月各地居民消费和商品零售价格指数
2023年12月,湖北省,99.3,99.3, , ,2023年12月各地居民消费和商品零售价格指数
2023年12月,湖南省,99.5,99.5, , ,2023年12月各地居民消费和商品零售价格指数
2023年12月,广东省,98.8,98.8, , ,2023年12月各地居民消费和商品零售价格指数
2023年12月,广西壮族自治区,98.7,98.7, , ,2023年12月各地居民消费和商品零售价格指数
2023年12月,海南省,98.2,98.2, , ,2023年12月各地居民消费和商品零售价格指数
2023年12月,重庆市,98.8,98.8, , ,2023年12月各地居民消费和商品零售价格指数
2023年12月,四川省,98.6,98.6, , ,2023年12月各地居民消费和商品零售价格指数
2023年12月,贵州省,98.8,98.8, , ,2023年12月各地居民消费和商品零售价格指数
2023年12月,云南省,99.3,99.3, , ,2023年12月各地居民消费和商品零售价格指数
2023年12月,西藏自治区,98.9,98.9, , ,2023年12月各地居民消费和商品零售价格指数
2023年12月,陕西省,99.3,99.3, , ,2023年12月各地居民消费和商品零售价格指数
2023年12月,甘肃省,99.7,99.7, , ,2023年12月各地居民消费和商品零售价格指数
2023年12月,青海省,100.0,100.0, , ,2023年12月各地居民消费和商品零售价格指数
2023年12月,宁夏回族自治区,99.4,99.4, , ,2023年12月各地居民消费和商品零售价格指数
2023年12月,新疆维吾尔自治区,99.1,99.1, , ,2023年12月各地居民消费和商品零售价格指数
2023年8月,山西省,99.7,100.1, , ,2023年8月各地居民消费和商品零售价格指数
2023年8月,内蒙古自治区,100.9,100.7, , ,2023年8月各地居民消费和商品零售价格指数
2023年8月,辽宁省,99.8,100.3, , ,2023年8月各地居民消费和商品零售价格指数
2023年8月,吉林省,99.9,100.0, , ,2023年8月各地居民消费和商品零售价格指数
2023年8月,黑龙江省,100.7,100.7, , ,2023年8月各地居民消费和商品零售价格指数
2023年8月,上海市,100.8,100.5, , ,2023年8月各地居民消费和商品零售价格指数
2023年8月,江苏省,100.0,100.7, , ,2023年8月各地居民消费和商品零售价格指数
2023年8月,浙江省,99.9,100.4, , ,2023年8月各地居民消费和商品零售价格指数
2023年8月,安徽省,100.0,100.3, , ,2023年8月各地居民消费和商品零售价格指数
2023年8月,福建省,99.8,100.3, , ,2023年8月各地居民消费和商品零售价格指数
2023年8月,江西省,100.0,100.4, , ,2023年8月各地居民消费和商品零售价格指数
2023年8月,山东省,100.0,100.3, , ,2023年8月各地居民消费和商品零售价格指数
2023年8月,河南省,99.6,100.0, , ,2023年8月各地居民消费和商品零售价格指数
2023年8月,湖北省,99.2,100.3, , ,2023年8月各地居民消费和商品零售价格指数
2023年8月,湖南省,99.8,100.4, , ,2023年8月各地居民消费和商品零售价格指数
2023年8月,广东省,100.4,100.6, , ,2023年8月各地居民消费和商品零售价格指数
2023年8月,广西壮族自治区,99.6,100.0, , ,2023年8月各地居民消费和商品零售价格指数
2023年8月,海南省,99.5,100.4, , ,2023年8月各地居民消费和商品零售价格指数
2023年8月,重庆市,99.1,100.0, , ,2023年8月各地居民消费和商品零售价格指数
2023年8月,四川省,99.2,100.3, , ,2023年8月各地居民消费和商品零售价格指数
2023年8月,贵州省,98.7,99.8, , ,2023年8月各地居民消费和商品零售价格指数
2023年8月,云南省,99.9,100.5, , ,2023年8月各地居民消费和商品零售价格指数
2023年8月,西藏自治区,99.4,100.2, , ,2023年8月各地居民消费和商品零售价格指数
2023年8月,陕西省,99.8,100.3, , ,2023年8月各地居民消费和商品零售价格指数
2023年8月,甘肃省,100.2,100.7, , ,2023年8月各地居民消费和商品零售价格指数
2023年8月,青海省,100.9,100.6, , ,2023年8月各地居民消费和商品零售价格指数
2023年8月,宁夏回族自治区,100.4,100.6, , ,2023年8月各地居民消费和商品零售价格指数
2023年8月,新疆维吾尔自治区,99.5,100.6, , ,2023年8月各地居民消费和商品零售价格指数
2023年9月,山西省,99.3,100.1, , ,2023年9月各地居民消费和商品零售价格指数
2023年9月,内蒙古自治区,100.4,100.7, , ,2023年9月各地居民消费和商品零售价格指数
2023年9月,辽宁省,99.7,100.2, , ,2023年9月各地居民消费和商品零售价格指数
2023年9月,吉林省,99.6,99.9, , ,2023年9月各地居民消费和商品零售价格指数
2023年9月,黑龙江省,100.3,100.7, , ,2023年9月各地居民消费和商品零售价格指数
2023年9月,上海市,100.4,100.4, , ,2023年9月各地居民消费和商品零售价格指数
2023年9月,江苏省,99.9,100.6, , ,2023年9月各地居民消费和商品零售价格指数
2023年9月,浙江省,100.0,100.4, , ,2023年9月各地居民消费和商品零售价格指数
2023年9月,安徽省,99.8,100.3, , ,2023年9月各地居民消费和商品零售价格指数
2023年9月,福建省,99.6,100.3, , ,2023年9月各地居民消费和商品零售价格指数
2023年9月,江西省,99.9,100.4, , ,2023年9月各地居民消费和商品零售价格指数
2023年9月,山东省,99.6,100.3, , ,2023年9月各地居民消费和商品零售价格指数
2023年9月,河南省,99.1,99.9, , ,2023年9月各地居民消费和商品零售价格指数
2023年9月,湖北省,99.4,100.2, , ,2023年9月各地居民消费和商品零售价格指数
2023年9月,湖南省,99.7,100.3, , ,2023年9月各地居民消费和商品零售价格指数
2023年9月,广东省,100.2,100.6, , ,2023年9月各地居民消费和商品零售价格指数
2023年9月,广西壮族自治区,99.5,99.9, , ,2023年9月各地居民消费和商品零售价格指数
2023年9月,海南省,100.2,100.4, , ,2023年9月各地居民消费和商品零售价格指数
2023年9月,重庆市,99.3,100.0, , ,2023年9月各地居民消费和商品零售价格指数
2023年9月,四川省,99.5,100.2, , ,2023年9月各地居民消费和商品零售价格指数
2023年9月,贵州省,99.1,99.8, , ,2023年9月各地居民消费和商品零售价格指数
2023年9月,云南省,99.7,100.5, , ,2023年9月各地居民消费和商品零售价格指数
2023年9月,西藏自治区,99.2,100.1, , ,2023年9月各地居民消费和商品零售价格指数
2023年9月,陕西省,99.7,100.2, , ,2023年9月各地居民消费和商品零售价格指数
2023年9月,甘肃省,100.1,100.7, , ,2023年9月各地居民消费和商品零售价格指数
2023年9月,青海省,100.6,100.6, , ,2023年9月各地居民消费和商品零售价格指数
2023年9月,宁夏回族自治区,99.7,100.6, , ,2023年9月各地居民消费和商品零售价格指数
2023年9月,新疆维吾尔自治区,98.1,100.3, , ,2023年9月各地居民消费和商品零售价格指数
2024年1月,山西省,100.4,99.6, , ,2024年1月各地居民消费和商品零售价格指数
2024年1月,内蒙古自治区,101.2,100.7, , ,2024年1月各地居民消费和商品零售价格指数
2024年1月,辽宁省,100.6,99.9, , ,2024年1月各地居民消费和商品零售价格指数
2024年1月,吉林省,100.5,99.8, , ,2024年1月各地居民消费和商品零售价格指数
2024年1月,黑龙江省,101.2,100.6, , ,2024年1月各地居民消费和商品零售价格指数
2024年1月,上海市,100.8,99.9, , ,2024年1月各地居民消费和商品零售价格指数
2024年1月,江苏省,100.7,99.9, , ,2024年1月各地居民消费和商品零售价格指数
2024年1月,浙江省,100.9,99.9, , ,2024年1月各地居民消费和商品零售价格指数
2024年1月,安徽省,100.8,100.1, , ,2024年1月各地居民消费和商品零售价格指数
2024年1月,福建省,100.0,99.2, , ,2024年1月各地居民消费和商品零售价格指数
2024年1月,江西省,101.1,100.3, , ,2024年1月各地居民消费和商品零售价格指数
2024年1月,山东省,100.6,100.0, , ,2024年1月各地居民消费和商品零售价格指数
2024年1月,河南省,100.7,100.0, , ,2024年1月各地居民消费和商品零售价格指数
2024年1月,湖北省,100.9,100.1, , ,2024年1月各地居民消费和商品零售价格指数
2024年1月,湖南省,100.9,100.2, , ,2024年1月各地居民消费和商品零售价格指数
2024年1月,广东省,100.8,99.8, , ,2024年1月各地居民消费和商品零售价格指数
2024年1月,广西壮族自治区,100.5,99.6, , ,2024年1月各地居民消费和商品零售价格指数
2024年1月,海南省,100.8,99.5, , ,2024年1月各地居民消费和商品零售价格指数
2024年1月,重庆市,100.6,99.7, , ,2024年1月各地居民消费和商品零售价格指数
2024年1月,四川省,100.5,99.5, , ,2024年1月各地居民消费和商品零售价格指数
2024年1月,贵州省,100.3,99.6, , ,2024年1月各地居民消费和商品零售价格指数
2024年1月,云南省,100.4,99.8, , ,2024年1月各地居民消费和商品零售价格指数
2024年1月,西藏自治区,99.4,99.2, , ,2024年1月各地居民消费和商品零售价格指数
2024年1月,陕西省,100.5,99.9, , ,2024年1月各地居民消费和商品零售价格指数
2024年1月,甘肃省,100.6,100.1, , ,2024年1月各地居民消费和商品零售价格指数
2024年1月,青海省,101.0,100.5, , ,2024年1月各地居民消费和商品零售价格指数
2024年1月,宁夏回族自治区,100.5,100.0, , ,2024年1月各地居民消费和商品零售价格指数
2024年1月,新疆维吾尔自治区,100.0,99.5, , ,2024年1月各地居民消费和商品零售价格指数
2024年2月,山西省,99.5,99.6, , ,2024年2月各地居民消费和商品零售价格指数
2024年2月,内蒙古自治区,100.5,100.6, , ,2024年2月各地居民消费和商品零售价格指数
2024年2月,辽宁省,100.0,99.9, , ,2024年2月各地居民消费和商品零售价格指数
2024年2月,吉林省,99.7,99.8, , ,2024年2月各地居民消费和商品零售价格指数
2024年2月,黑龙江省,100.4,100.5, , ,2024年2月各地居民消费和商品零售价格指数
2024年2月,上海市,99.7,99.8, , ,2024年2月各地居民消费和商品零售价格指数
2024年2月,江苏省,100.2,100.0, , ,2024年2月各地居民消费和商品零售价格指数
2024年2月,浙江省,100.1,99.9, , ,2024年2月各地居民消费和商品零售价格指数
2024年2月,安徽省,100.0,100.1, , ,2024年2月各地居民消费和商品零售价格指数
2024年2月,福建省,99.6,99.3, , ,2024年2月各地居民消费和商品零售价格指数
2024年2月,江西省,100.7,100.4, , ,2024年2月各地居民消费和商品零售价格指数
2024年2月,山东省,99.9,100.0, , ,2024年2月各地居民消费和商品零售价格指数
2024年2月,河南省,100.0,100.0, , ,2024年2月各地居民消费和商品零售价格指数
2024年2月,湖北省,100.2,100.1, , ,2024年2月各地居民消费和商品零售价格指数
2024年2月,湖南省,100.5,100.3, , ,2024年2月各地居民消费和商品零售价格指数
2024年2月,广东省,100.1,99.9, , ,2024年2月各地居民消费和商品零售价格指数
2024年2月,广西壮族自治区,99.8,99.7, , ,2024年2月各地居民消费和商品零售价格指数
2024年2月,海南省,100.0,99.6, , ,2024年2月各地居民消费和商品零售价格指数
2024年2月,重庆市,100.0,99.8, , ,2024年2月各地居民消费和商品零售价格指数
2024年2月,四川省,99.6,99.6, , ,2024年2月各地居民消费和商品零售价格指数
2024年2月,贵州省,100.0,99.7, , ,2024年2月各地居民消费和商品零售价格指数
2024年2月,云南省,99.9,99.8, , ,2024年2月各地居民消费和商品零售价格指数
2024年2月,西藏自治区,99.8,99.4, , ,2024年2月各地居民消费和商品零售价格指数
2024年2月,陕西省,99.8,99.9, , ,2024年2月各地居民消费和商品零售价格指数
2024年2月,甘肃省,100.5,100.3, , ,2024年2月各地居民消费和商品零售价格指数
2024年2月,青海省,100.6,100.5, , ,2024年2月各地居民消费和商品零售价格指数
2024年2月,宁夏回族自治区,99.8,99.9, , ,2024年2月各地居民消费和商品零售价格指数
2024年2月,新疆维吾尔自治区,99.5,99.5, , ,2024年2月各地居民消费和商品零售价格指数
2024年3月,山西省,99.7,99.6, , ,2024年3月各地居民消费和商品零售价格指数
2024年3月,内蒙古自治区,100.8,100.7, , ,2024年3月各地居民消费和商品零售价格指数
2024年3月,辽宁省,100.2,100.0, , ,2024年3月各地居民消费和商品零售价格指数
2024年3月,吉林省,100.1,99.8, , ,2024年3月各地居民消费和商品零售价格指数
2024年3月,黑龙江省,100.8,100.6, , ,2024年3月各地居民消费和商品零售价格指数
2024年3月,上海市,100.0,99.9, , ,2024年3月各地居民消费和商品零售价格指数
2024年3月,江苏省,100.6,100.2, , ,2024年3月各地居民消费和商品零售价格指数
2024年3月,浙江省,100.4,100.0, , ,2024年3月各地居民消费和商品零售价格指数
2024年3月,安徽省,100.3,100.1, , ,2024年3月各地居民消费和商品零售价格指数
2024年3月,福建省,99.7,99.4, , ,2024年3月各地居民消费和商品零售价格指数
2024年3月,江西省,101.0,100.6, , ,2024年3月各地居民消费和商品零售价格指数
2024年3月,山东省,100.1,100.0, , ,2024年3月各地居民消费和商品零售价格指数
2024年3月,河南省,100.3,100.1, , ,2024年3月各地居民消费和商品零售价格指数
2024年3月,湖北省,100.5,100.2, , ,2024年3月各地居民消费和商品零售价格指数
2024年3月,湖南省,100.6,100.4, , ,2024年3月各地居民消费和商品零售价格指数
2024年3月,广东省,100.2,100.0, , ,2024年3月各地居民消费和商品零售价格指数
2024年3月,广西壮族自治区,100.4,99.9, , ,2024年3月各地居民消费和商品零售价格指数
2024年3月,海南省,100.4,99.8, , ,2024年3月各地居民消费和商品零售价格指数
2024年3月,重庆市,100.4,99.9, , ,2024年3月各地居民消费和商品零售价格指数
2024年3月,四川省,99.9,99.6, , ,2024年3月各地居民消费和商品零售价格指数
2024年3月,贵州省,100.3,99.8, , ,2024年3月各地居民消费和商品零售价格指数
2024年3月,云南省,100.3,100.0, , ,2024年3月各地居民消费和商品零售价格指数
2024年3月,西藏自治区,100.4,99.6, , ,2024年3月各地居民消费和商品零售价格指数
2024年3月,陕西省,100.0,99.9, , ,2024年3月各地居民消费和商品零售价格指数
2024年3月,甘肃省,100.6,100.3, , ,2024年3月各地居民消费和商品零售价格指数
2024年3月,青海省,100.9,100.6, , ,2024年3月各地居民消费和商品零售价格指数
2024年3月,宁夏回族自治区,99.8,99.9, , ,2024年3月各地居民消费和商品零售价格指数
2024年3月,新疆维吾尔自治区,100.0,99.6, , ,2024年3月各地居民消费和商品零售价格指数
2024年4月,山西省,99.8,99.7, , ,2024年4月各地居民消费和商品零售价格指数
2024年4月,内蒙古自治区,100.2,100.6, , ,2024年4月各地居民消费和商品零售价格指数
2024年4月,辽宁省,100.2,100.0, , ,2024年4月各地居民消费和商品零售价格指数
2024年4月,吉林省,100.0,99.9, , ,2024年4月各地居民消费和商品零售价格指数
2024年4月,黑龙江省,100.6,100.6, , ,2024年4月各地居民消费和商品零售价格指数
2024年4月,上海市,100.0,99.9, , ,2024年4月各地居民消费和商品零售价格指数
2024年4月,江苏省,100.6,100.3, , ,2024年4月各地居民消费和商品零售价格指数
2024年4月,浙江省,100.5,100.1, , ,2024年4月各地居民消费和商品零售价格指数
2024年4月,安徽省,100.5,100.2, , ,2024年4月各地居民消费和商品零售价格指数
2024年4月,福建省,99.8,99.5, , ,2024年4月各地居民消费和商品零售价格指数
2024年4月,江西省,100.7,100.6, , ,2024年4月各地居民消费和商品零售价格指数
2024年4月,山东省,100.2,100.0, , ,2024年4月各地居民消费和商品零售价格指数
2024年4月,河南省,100.1,100.1, , ,2024年4月各地居民消费和商品零售价格指数
2024年4月,湖北省,100.5,100.3, , ,2024年4月各地居民消费和商品零售价格指数
2024年4月,湖南省,100.6,100.4, , ,2024年4月各地居民消费和商品零售价格指数
2024年4月,广东省,100.4,100.1, , ,2024年4月各地居民消费和商品零售价格指数
2024年4月,广西壮族自治区,100.4,100.0, , ,2024年4月各地居民消费和商品零售价格指数
2024年4月,海南省,100.2,99.9, , ,2024年4月各地居民消费和商品零售价格指数
2024年4月,重庆市,100.2,100.0, , ,2024年4月各地居民消费和商品零售价格指数
2024年4月,四川省,100.0,99.7, , ,2024年4月各地居民消费和商品零售价格指数
2024年4月,贵州省,100.2,99.9, , ,2024年4月各地居民消费和商品零售价格指数
2024年4月,云南省,100.3,100.0, , ,2024年4月各地居民消费和商品零售价格指数
2024年4月,西藏自治区,100.5,99.8, , ,2024年4月各地居民消费和商品零售价格指数
2024年4月,陕西省,99.9,99.9, , ,2024年4月各地居民消费和商品零售价格指数
2024年4月,甘肃省,100.4,100.4, , ,2024年4月各地居民消费和商品零售价格指数
2024年4月,青海省,100.6,100.6, , ,2024年4月各地居民消费和商品零售价格指数
2024年4月,宁夏回族自治区,99.6,99.8, , ,2024年4月各地居民消费和商品零售价格指数
2024年4月,新疆维吾尔自治区,100.4,99.8, , ,2024年4月各地居民消费和商品零售价格指数
2024年5月,山西省,99.9,99.7, , ,2024年5月各地居民消费和商品零售价格指数
2024年5月,内蒙古自治区,100.0,100.5, , ,2024年5月各地居民消费和商品零售价格指数
2024年5月,辽宁省,100.1,100.0, , ,2024年5月各地居民消费和商品零售价格指数
2024年5月,吉林省,100.1,99.9, , ,2024年5月各地居民消费和商品零售价格指数
2024年5月,黑龙江省,100.5,100.6, , ,2024年5月各地居民消费和商品零售价格指数
2024年5月,上海市,100.2,99.9, , ,2024年5月各地居民消费和商品零售价格指数
2024年5月,江苏省,100.6,100.3, , ,2024年5月各地居民消费和商品零售价格指数
2024年5月,浙江省,100.4,100.2, , ,2024年5月各地居民消费和商品零售价格指数
2024年5月,安徽省,100.4,100.2, , ,2024年5月各地居民消费和商品零售价格指数
2024年5月,福建省,100.0,99.6, , ,2024年5月各地居民消费和商品零售价格指数
2024年5月,江西省,100.8,100.6, , ,2024年5月各地居民消费和商品零售价格指数
2024年5月,山东省,100.0,100.0, , ,2024年5月各地居民消费和商品零售价格指数
2024年5月,河南省,100.0,100.1, , ,2024年5月各地居民消费和商品零售价格指数
2024年5月,湖北省,100.7,100.4, , ,2024年5月各地居民消费和商品零售价格指数
2024年5月,湖南省,100.7,100.5, , ,2024年5月各地居民消费和商品零售价格指数
2024年5月,广东省,100.4,100.1, , ,2024年5月各地居民消费和商品零售价格指数
2024年5月,广西壮族自治区,100.7,100.1, , ,2024年5月各地居民消费和商品零售价格指数
2024年5月,海南省,100.2,99.9, , ,2024年5月各地居民消费和商品零售价格指数
2024年5月,重庆市,100.3,100.0, , ,2024年5月各地居民消费和商品零售价格指数
2024年5月,四川省,100.0,99.7, , ,2024年5月各地居民消费和商品零售价格指数
2024年5月,贵州省,100.1,99.9, , ,2024年5月各地居民消费和商品零售价格指数
2024年5月,云南省,100.1,100.1, , ,2024年5月各地居民消费和商品零售价格指数
2024年5月,西藏自治区,100.4,99.9, , ,2024年5月各地居民消费和商品零售价格指数
2024年5月,陕西省,99.7,99.9, , ,2024年5月各地居民消费和商品零售价格指数
2024年5月,甘肃省,100.3,100.3, , ,2024年5月各地居民消费和商品零售价格指数
2024年5月,青海省,100.8,100.7, , ,2024年5月各地居民消费和商品零售价格指数
2024年5月,宁夏回族自治区,99.5,99.8, , ,2024年5月各地居民消费和商品零售价格指数
2024年5月,新疆维吾尔自治区,100.6,99.9, , ,2024年5月各地居民消费和商品零售价格指数
2024年6月,山西省,100.3,99.8, , ,2024年6月各地居民消费和商品零售价格指数
2024年6月,内蒙古自治区,100.2,100.4, , ,2024年6月各地居民消费和商品零售价格指数
2024年6月,辽宁省,100.7,100.1, , ,2024年6月各地居民消费和商品零售价格指数
2024年6月,吉林省,100.5,100.0, , ,2024年6月各地居民消费和商品零售价格指数
2024年6月,黑龙江省,100.8,100.6, , ,2024年6月各地居民消费和商品零售价格指数
2024年6月,上海市,100.3,100.0, , ,2024年6月各地居民消费和商品零售价格指数
2024年6月,江苏省,100.9,100.4, , ,2024年6月各地居民消费和商品零售价格指数
2024年6月,浙江省,100.6,100.2, , ,2024年6月各地居民消费和商品零售价格指数
2024年6月,安徽省,101.1,100.4, , ,2024年6月各地居民消费和商品零售价格指数
2024年6月,福建省,100.3,99.7, , ,2024年6月各地居民消费和商品零售价格指数
2024年6月,江西省,101.0,100.7, , ,2024年6月各地居民消费和商品零售价格指数
2024年6月,山东省,100.5,100.1, , ,2024年6月各地居民消费和商品零售价格指数
2024年6月,河南省,100.7,100.1, , ,2024年6月各地居民消费和商品零售价格指数
2024年6月,湖北省,100.9,100.4, , ,2024年6月各地居民消费和商品零售价格指数
2024年6月,湖南省,101.0,100.6, , ,2024年6月各地居民消费和商品零售价格指数
2024年6月,广东省,100.3,100.1, , ,2024年6月各地居民消费和商品零售价格指数
2024年6月,广西壮族自治区,100.9,100.2, , ,2024年6月各地居民消费和商品零售价格指数
2024年6月,海南省,100.3,100.0, , ,2024年6月各地居民消费和商品零售价格指数
2024年6月,重庆市,100.5,100.1, , ,2024年6月各地居民消费和商品零售价格指数
2024年6月,四川省,100.2,99.8, , ,2024年6月各地居民消费和商品零售价格指数
2024年6月,贵州省,100.6,100.0, , ,2024年6月各地居民消费和商品零售价格指数
2024年6月,云南省,100.3,100.1, , ,2024年6月各地居民消费和商品零售价格指数
2024年6月,西藏自治区,100.4,100.0, , ,2024年6月各地居民消费和商品零售价格指数
2024年6月,陕西省,100.1,99.9, , ,2024年6月各地居民消费和商品零售价格指数
2024年6月,甘肃省,100.4,100.4, , ,2024年6月各地居民消费和商品零售价格指数
2024年6月,青海省,100.8,100.7, , ,2024年6月各地居民消费和商品零售价格指数
2024年6月,宁夏回族自治区,99.7,99.8, , ,2024年6月各地居民消费和商品零售价格指数
2024年6月,新疆维吾尔自治区,100.6,100.0, , ,2024年6月各地居民消费和商品零售价格指数
2024年7月,山西省, , , , ,2024年7月各地居民消费和商品零售价格指数
2024年7月,内蒙古自治区, , , , ,2024年7月各地居民消费和商品零售价格指数
2024年7月,辽宁省, , , , ,2024年7月各地居民消费和商品零售价格指数
2024年7月,吉林省, , , , ,2024年7月各地居民消费和商品零售价格指数
2024年7月,黑龙江省, , , , ,2024年7月各地居民消费和商品零售价格指数
2024年7月,上海市, , , , ,2024年7月各地居民消费和商品零售价格指数
2024年7月,江苏省, , , , ,2024年7月各地居民消费和商品零售价格指数
2024年7月,浙江省, , , , ,2024年7月各地居民消费和商品零售价格指数
2024年7月,安徽省, , , , ,2024年7月各地居民消费和商品零售价格指数
2024年7月,福建省, , , , ,2024年7月各地居民消费和商品零售价格指数
2024年7月,江西省, , , , ,2024年7月各地居民消费和商品零售价格指数
2024年7月,山东省, , , , ,2024年7月各地居民消费和商品零售价格指数
2024年7月,河南省, , , , ,2024年7月各地居民消费和商品零售价格指数
2024年7月,湖北省, , , , ,2024年7月各地居民消费和商品零售价格指数
2024年7月,湖南省, , , , ,2024年7月各地居民消费和商品零售价格指数
2024年7月,广东省, , , , ,2024年7月各地居民消费和商品零售价格指数
2024年7月,广西壮族自治区, , , , ,2024年7月各地居民消费和商品零售价格指数
2024年7月,海南省, , , , ,2024年7月各地居民消费和商品零售价格指数
2024年7月,重庆市, , , , ,2024年7月各地居民消费和商品零售价格指数
2024年7月,四川省, , , , ,2024年7月各地居民消费和商品零售价格指数
2024年7月,贵州省, , , , ,2024年7月各地居民消费和商品零售价格指数
2024年7月,云南省, , , , ,2024年7月各地居民消费和商品零售价格指数
2024年7月,西藏自治区, , , , ,2024年7月各地居民消费和商品零售价格指数
2024年7月,陕西省, , , , ,2024年7月各地居民消费和商品零售价格指数
2024年7月,甘肃省, , , , ,2024年7月各地居民消费和商品零售价格指数
2024年7月,青海省, , , , ,2024年7月各地居民消费和商品零售价格指数
2024年7月,宁夏回族自治区, , , , ,2024年7月各地居民消费和商品零售价格指数
2024年7月,新疆维吾尔自治区, , , , ,2024年7月各地居民消费和商品零售价格指数
2024年8月,山西省,99.7,100.2, , ,2024年8月各地居民消费和商品零售价格指数
2024年8月,内蒙古自治区,100.9,100.7, , ,2024年8月各地居民消费和商品零售价格指数
2024年8月,辽宁省,100.1,100.4, , ,2024年8月各地居民消费和商品零售价格指数
2024年8月,吉林省,100.0,100.0, , ,2024年8月各地居民消费和商品零售价格指数
2024年8月,黑龙江省,100.9,100.8, , ,2024年8月各地居民消费和商品零售价格指数
2024年8月,上海市,100.7,100.4, , ,2024年8月各地居民消费和商品零售价格指数
2024年8月,江苏省,100.1,100.7, , ,2024年8月各地居民消费和商品零售价格指数
2024年8月,浙江省,99.9,100.5, , ,2024年8月各地居民消费和商品零售价格指数
2024年8月,安徽省,100.1,100.4, , ,2024年8月各地居民消费和商品零售价格指数
2024年8月,福建省,99.9,100.4, , ,2024年8月各地居民消费和商品零售价格指数
2024年8月,江西省,99.8,100.5, , ,2024年8月各地居民消费和商品零售价格指数
2024年8月,山东省,100.1,100.4, , ,2024年8月各地居民消费和商品零售价格指数
2024年8月,河南省,99.6,100.1, , ,2024年8月各地居民消费和商品零售价格指数
2024年8月,湖北省,99.7,100.5, , ,2024年8月各地居民消费和商品零售价格指数
2024年8月,湖南省,99.9,100.4, , ,2024年8月各地居民消费和商品零售价格指数
2024年8月,广东省,100.4,100.6, , ,2024年8月各地居民消费和商品零售价格指数
2024年8月,广西壮族自治区,99.5,100.0, , ,2024年8月各地居民消费和商品零售价格指数
2024年8月,海南省,99.2,100.6, , ,2024年8月各地居民消费和商品零售价格指数
2024年8月,重庆市,99.4,100.2, , ,2024年8月各地居民消费和商品零售价格指数
2024年8月,四川省,99.8,100.4, , ,2024年8月各地居民消费和商品零售价格指数
2024年8月,贵州省,99.4,100.0, , ,2024年8月各地居民消费和商品零售价格指数
2024年8月,云南省,100.3,100.6, , ,2024年8月各地居民消费和商品零售价格指数
2024年8月,西藏自治区,99.5,100.3, , ,2024年8月各地居民消费和商品零售价格指数
2024年8月,陕西省,100.0,100.3, , ,2024年8月各地居民消费和商品零售价格指数
2024年8月,甘肃省,100.2,100.8, , ,2024年8月各地居民消费和商品零售价格指数
2024年8月,青海省,100.3,100.6, , ,2024年8月各地居民消费和商品零售价格指数
2024年8月,宁夏回族自治区,100.2,100.7, , ,2024年8月各地居民消费和商品零售价格指数
2024年8月,新疆维吾尔自治区,99.4,100.7, , ,2024年8月各地居民消费和商品零售价格指数
