﻿组织,批准日期,国家,地区,项目编号,项目名称,项目总成本（百万美元）,组织出资（百万美元）,组织出资（2010年不变价百万美元）,勘探阶段总费用（2010年不变价）,生产阶段总费用（2010年不变价）,技术援助总费用（2010年不变价）,风险缓解工具总费用（2010年不变价）,来源,备注,位置1
世界银行,2013,吉布提,非洲,"P127143, P127144",地热发电计划,31.23,13.14,12.46,12.46,0,0,,国际开发协会 (IDA)（600万美元），全球环境基金 (GEF)（604万美元），能源部门管理援助计划 (ESMAP)（110万美元）,项目有来自非洲开发银行（734万美元 - 勘探钻井）、石油输出国组织国际开发基金（700万美元 - 勘探钻井 + 技术援助）和法国开发署（325万美元 - 勘探钻井）的联合融资。,
世界银行,1984,吉布提,非洲,P000609,吉布提地热勘探项目,17.4,6,10.93,1.75,5.57,3.61,,国际开发协会 (IDA),地表勘探（4%）、勘探钻井 - 2个梯度井（12%）、生产钻井 - 4口井（51%）、技术援助（33%）,"(11.588333, 43.145)"
世界银行,1989,吉布提,非洲,P000612,地热开发项目,38.04,9.2,14.43,1.54,12.72,0.17,,国际开发协会 (IDA),技术援助（11万美元）、地表研究（98万美元）、生产钻井（810万美元）,"(11.588333, 43.145)"
世界银行,2014,埃塞俄比亚,非洲,,地热行业发展项目,216,178.5,159.34,15.64,140.94,2.76,,国际开发协会 (IDA)（加上 SREP 的 2450 万美元和冰岛的 350 万美元）,国际开发协会 (IDA) 的资金将用于阿鲁托的生产钻井和蒸汽采集（9220万美元）、阿拉洛巴德的勘探钻井（1980万美元）、两个钻井平台（6100万美元）以及技术援助（300万美元）。钻井平台的成本已计入生产钻井费用中。日本正在考虑为阿鲁托的发电厂提供资金。,"(8.980603, 38.757761)"
世界银行,2010,埃塞俄比亚,非洲,P120172,能源接入项目附加融资,30,15,10,10,0,0,,国际开发协会 (IDA),勘探钻井（4个测试井，由日本共同融资）,"(8.980603, 38.757761)"
世界银行,1983,埃塞俄比亚,非洲,P000696,埃塞俄比亚石油勘探促进与地热普查项目,9.84,7,6.6,5.28,0,1.32,,国际开发协会 (IDA),技术援助和调查工作 - 没有关于地热的百分比信息，假设总额的50%，其中20%用于技术援助，80%用于调查工作。,"(8.980603, 38.757761)"
世界银行,2012,肯尼亚,非洲,P122671,私营部门发电支持项目,212,36,34.65,0,0,0,34.65,国际开发协会 (IDA) - 部分风险担保 (PRG),部分风险担保 (PRG) 支持 OrPower 4 公司与肯尼亚电力公司 (KPLC) 之间的购电协议 (PPA)，用于奥尔卡里亚 3 的36 MW+16 MW 扩建。项目由赞助方（4700万美元股本）和美国海外私人投资公司 (OPIC)（1.65亿美元债务）融资。,"(-1.292066, 36.821946)"
世界银行,2010,肯尼亚,非洲,P103037,电力扩展项目,1035,120,127.5,0,120,7.5,,国际开发协会 (IDA),融资仅适用于地热组件（组件 A）。联合融资 - JICA：3.23亿美元，AFD：2.1亿美元；欧洲投资银行 (EIB)：1.68亿美元；kFW：8400万美元；KenGen：1.3亿美元。,"(-1.292066, 36.821946)"
世界银行,2004,肯尼亚,非洲,P083131,能源部门恢复项目,55,25.5,28.96,,27.26,1.7,,国际开发协会 (IDA),[[该项目包括地热以外的活动，这些活动未计入融资数据中]] 奥尔卡里亚 II 扩展（第3单元 - 35 MW） - 地上基础设施，包括蒸汽采集和发电厂（总计5350万美元 - 2400万美元 IDA，4800万美元 EIB，690万美元 KenGen）。另有研究（优化研究奥尔卡里亚 I、II 和 IV；GDC 的建立；其他顾问工作）。,"(-1.292066, 36.821946)"
世界银行,1988,肯尼亚,非洲,P001314,肯尼亚地热开发和能源前期投资项目,66.95,40.7,66.41,48.95,14.69,2.77,,国际开发协会 (IDA),勘探钻井（25口井）（3000万美元），生产钻井（8口补充井）（900万美元），技术援助（170万美元） - 仅包括项目中的地热组件。,"(-1.292066, 36.821946)"
世界银行,1984,肯尼亚,非洲,P001290,肯尼亚地热勘探项目,24.5,24.5,44.64,34.37,0,10.27,,国际开发协会 (IDA),勘探钻井（77%），能力建设（23%）,"(-1.292066, 36.821946)"
世界银行,1983,肯尼亚,非洲,P001287,奥尔卡里亚地热发电扩建项目,41.6,12,22.64,0,18.87,3.77,,国际复兴开发银行 (IBRD),1983-1986年的扩建项目：增加一个额外的发电机、扩展蒸汽系统、提供建设和监督的技术援助，并详细研究地热潜力 - 没有关于成本分配的详细信息（显示的分配是任意的）。,"(-1.292066, 36.821946)"
世界银行,1980,肯尼亚,非洲,P001275,奥尔卡里亚地热发电项目,40,40,91.03,0,91.03,0,,国际复兴开发银行 (IBRD),发电部分建设,"(-1.292066, 36.821946)"
世界银行,1978,肯尼亚,非洲,,奥尔卡里亚地热工程项目,15.5,9,24.18,0,24.18,0,,国际复兴开发银行 (IBRD),额外生产井的钻探,"(-1.292066, 36.821946)"
世界银行,2011,印度尼西亚,东亚与太平洋,P113078,地热清洁能源投资项目,575,175,170.09,0,170.09,0,,国际复兴开发银行 (IBRD)（加上 WB 项目的 CTF 1.25 亿美元；CTF 总计 3.25 亿美元）,蒸汽场地上系统 (SAGS)（3200万美元），发电厂 + 输电线（1.416亿美元）。其他融资来源：CTF：3.25亿美元（贷款），ADB：2.5亿美元（贷款），ADB+IFC：7500万美元。,"(-6.208763, 106.845599)"
世界银行,2011,印度尼西亚,东亚与太平洋,P112363,地热发电支持计划,,0.9,0.88,0,0,0.88,,国际复兴开发银行 (IBRD),技术援助,"(-6.208763, 106.845599)"
世界银行,2008,印度尼西亚,东亚与太平洋,P099757,地热发电开发项目,9,4,4.08,0,0,4.08,,全球环境基金 (GEF),技术援助,"(-6.208763, 106.845599)"
世界银行,1994,菲律宾,东亚与太平洋,"P004607, P004404",莱特-吕宋地热项目,1333.6,257,352.26,0,338.17,14.09,,国际复兴开发银行 (IBRD)（2.27 亿美元），全球环境基金 (GEF)（3000 万美元）,蒸汽场开发/生产钻井，包括蒸汽采集和电力互联（22%）、BOT 发电厂（49%）、输电基础设施（35%）、技术援助（4%） - 项目文件中没有详细的成本信息。,"(14.599512, 120.984219)"
世界银行,1994,菲律宾,东亚与太平洋,P004584,莱特-宿雾地热项目,434.8,211,318.14,0,306.57,11.57,,国际复兴开发银行 (IBRD),开发蒸汽场/生产钻井，包括蒸汽采集和电力互联（22%）、BOT 发电厂（49%）、输电基础设施（35%）、技术援助（4%） - 项目文件中没有详细的成本信息。,"(14.599512, 120.984219)"
世界银行,1988,菲律宾,东亚与太平洋,P004555,巴肯马尼托地热开发项目,289.5,96.1,156.82,59.59,94.09,3.14,,国际开发协会 (IDA),勘探钻井（38%）、生产钻井 + 蒸汽生成系统（37%）、输电设施和其他设施的扩展（23%）、能力建设（2%） - 项目文件中没有详细的成本信息。,"(14.599512, 120.984219)"
世界银行,1982,菲律宾,东亚与太平洋,P004493,地热勘探项目,58.75,8.23,16.14,16.14,0,0,,国际开发协会 (IDA),勘探钻井,"(14.599512, 120.984219)"
世界银行,2009,亚美尼亚,欧洲与中亚,P112408,亚美尼亚地热项目（GeoFund）,,1.5,1.52,0,0,1.52,,全球环境基金 (GEF),技术援助,"(40.183333, 44.516667)"
世界银行,1996,立陶宛,欧洲与中亚,"P036011, P035758",立陶宛克莱佩达地热,18,12.8,0,0,0,0,,国际复兴开发银行 (IBRD)（590 万美元），全球环境基金 (GEF)（690 万美元）,开发低温地热资源用于区域供热系统,"(54.687156, 25.279651)"
世界银行,2000,波兰,欧洲与中亚,P037339,波德哈尔地热区域供热与环境项目,99.3,38.2,0,0,0,0,,国际复兴开发银行 (IBRD),开发低温地热资源用于区域供热系统,"(52.229676, 21.012229)"
世界银行,2000,波兰,欧洲与中亚,P057993,波德哈尔地热区域供热与环境项目,,5.4,0,0,0,0,,全球环境基金 (GEF),开发低温地热资源用于区域供热系统,"(52.229676, 21.012229)"
非洲开发银行,2011,肯尼亚,非洲,P-KE-FZ0-003,门加奈地热开发项目,848,120,117.57,0,117.57,0,,非洲开发银行 (AfDB)（1.2 亿美元，另加 2500 万美元 SREP-AfDB）,其他融资来源：SREP：4000万美元（贷款和赠款），WB：1.15亿美元（贷款），AFD：1.7亿美元（贷款），EIB：3700万美元（贷款）；GDC/MoE：3.67亿美元（股本）。,"(-1.292066, 36.821946)"
非洲开发银行,2013,吉布提,非洲,P-DJ-FA0-001,地热勘探钻探项目,31.23,7.34,6.96,4.74,0,2.22,,,项目有来自世界银行（IDA、GEF、ESMAP - 1314万美元用于勘探钻井）、OFID（700万美元 - 勘探钻井 + 技术援助）和AFD（325万美元 - 勘探钻井）的联合融资。,"(11.588333, 43.145)"
非洲开发银行,2014,坦桑尼亚,非洲,,坦桑尼亚地热项目 - 待定,536.8,45,41.4,,13.8,,27.6,非洲开发银行 (AfDB)（4500 万美元，另加 2500 万美元 SREP-AfDB）,非洲开发银行的贡献是风险缓解设施（例如，如果资源开发时用于 PPA 的担保）。SREP 支持地热战略、制度框架、能力建设、勘探（包括测试钻井）以及电力项目开发的咨询服务。,"(-6.173056, 35.741944)"
亚洲开发银行,2011,菲律宾,东亚与太平洋,45927-012,单井工程电力涡轮机系统（SWEETS）地热发电项目,,0.425,0.42,0,0,0.42,,,,"(14.599512, 120.984219)"
亚洲开发银行,2014,印度尼西亚,东亚与太平洋,42916 - 014,萨鲁拉地热发电项目,1170,250,237.09,0,237.09,0,,亚洲开发银行 (ADB) 私营部门（加上来自 CTF 的 8000 万美元和加拿大亚洲私营部门基金的 2000 万美元）,该项目将开发蒸汽资源，并设计、融资、建设、运营和维护总净担保交付能力约为320 MW的地热发电厂。项目还包括输电线。由于这是一个私人项目，没有关于每个组件和合作伙伴具体融资的详细信息。假设ADB的2.5亿美元中，40%用于蒸汽资源，40%用于发电厂，20%用于输电线。剩余的7000万美元来自CTF-ADB分配。,"(-6.208763, 106.845599)"
亚洲开发银行,2011,印度尼西亚,东亚与太平洋,43249-012,地热发电开发项目,,1.725,1.7,0,0,1.7,,,资金来源是澳大利亚赠款。,"(-6.208763, 106.845599)"
亚洲开发银行,2002,印度尼西亚,东亚与太平洋,34100-013,可再生能源开发,161,53.66666667,63.89,0,63.89,0,,,没有关于每个组件分配的信息。假设项目资金的三分之一用于地热生产阶段。建造和投入运营多达8个小型水电站、多达两个地热发电厂、多达两个小型水电站、用于电力传输的70kV和20kV输电线路以及项目实施的咨询服务。,"(-6.208763, 106.845599)"
亚洲开发银行,2007,中国,东亚与太平洋,41089-012 ,可再生浅层地热能的利用,,0.15,0,0,0,0,,,供热 - 未包含在总额中,"(39.904211, 116.407395)"
亚洲开发银行,2007,中国,东亚与太平洋,40634-012,内蒙古自治区环境改善项目（第二阶段）,,0.8,0,0,0,0,,,供热（地热 + 天然气） - 未包含在总额中,"(39.904211, 116.407395)"
欧洲投资银行,2012,加勒比地区,拉丁美洲与加勒比地区,,支持加勒比地区地热能源计划,,1.44,1.39,0,0,1.39,,http://www.eib.org/about/press/2012/2012-018-eib-backs-caribbean-geothermal-energy-scheme.htm,欧洲投资银行，作为欧盟的长期贷款机构，将提供110万欧元的赠款，用于加强详细规划并研究将多米尼克生产的地热电力出口到邻近岛屿马提尼克和瓜德罗普的可行性 - 分配到技术援助 (TA)。,"(21.633941, -78.359985)"
欧洲投资银行,2012,肯尼亚,非洲,,门加奈地热开发项目,,24,23.1,0,23.1,0,,http://www.afdb.org/fileadmin/uploads/afdb/Documents/Project-and-Operations/Kenya%20-%20Menengai%20geothermal%20development%20project%20-%20AR.pdf,共同融资 - JICA：3.23亿美元，AFD：2.1亿美元；WB：1.2亿美元；kFW：8400万美元；KenGen：1.3亿美元。,"(-1.292066, 36.821946)"
欧洲投资银行,2010,肯尼亚,非洲,,奥尔卡里亚 I & IV 地热扩展项目,1035,168,168,0,168,0,,,建设新的地热发电厂、输电线路和变电站。,"(-1.292066, 36.821946)"
欧洲投资银行,2009,肯尼亚,非洲,,奥尔卡里亚 II 扩展项目,,6,6.07,0,6.07,0,,,1100万美元是一个估算值，因为该项目始于1982年，标注的金额为900万欧元。假设全部金额用于生产阶段，但没有关于项目的详细信息。,"(-1.292066, 36.821946)"
欧洲投资银行,2005,肯尼亚,非洲,,奥尔卡里亚 II 扩展项目,,42,46.22,0,46.22,0,,,关于这笔支持的信息有限。,"(-1.292066, 36.821946)"
欧洲投资银行,1999,肯尼亚,非洲,,肯尼亚电力公司 - 奥尔卡里亚 II,,53.6,67.77,0,67.77,0,,http://www.bgr.bund.de/EN/Themen/Zusammenarbeit/TechnZusammenarb/Geotherm/Downloads/events_EIB.pdf?__blob=publicationFile&v=2,CTF从CTF IP中贡献了3241万美元，并从DPSP中贡献了2000万美元。GoM贡献了约1150万美元 - 全部分配到“风险缓解工具”类别。,"(-1.292066, 36.821946)"
欧洲投资银行,1982,肯尼亚,非洲,,奥尔卡里亚地热发电,,11,21.57,0,21.57,0,,,CTF从CTF IP贡献了3000万美元，并从DPSP贡献了2000万美元。美洲开发银行 (IDB) 的贡献可能在1.4亿至2.05亿美元之间，但至少有5000万美元，具体取决于确定的项目。解决方案可能包括高级和次级长期项目贷款、短期过渡贷款和担保 - 全部分配到“风险缓解工具”类别。,"(-1.292066, 36.821946)"
欧洲投资银行,2010,吉布提,非洲,,可行性研究与勘探,,4.57,4.57,4.57,0,0,,,,"(11.588333, 43.145)"
美洲开发银行,2014,墨西哥,拉丁美洲与加勒比地区,"ME-L1148, ME-G1005, ME-X1010",地热融资与风险转移设施,1145.7,54.3,51.5,,0,,51.5,,0.75是对组件 II（“地下研究评估”）部分的估算，该部分实际上用于地表研究，因为环境影响评估 (EIA)、机构能力建设和其他活动也包含在此100万美元的组件中。,"(19.432608, -99.133208)"
美洲开发银行,2014,智利,拉丁美洲与加勒比地区,,地热风险缓解计划,,50,47.42,,0,,47.42,全球环境基金 (GEF),技术援助 (TC) 将为马西索火山区的两个选定地点提供可行性研究。TC 将提供：(i) 两个选定地点的地热资源模型及其温度；(ii) 地热资源类型及其潜力的识别；(iii) 关于地热资源勘探和开发的建议；(iv) 根据这些活动的范围，开展环境和社会研究。 - 没有进一步的信息，因此100%被认为是技术援助。,"(-33.46912, -70.641997)"
美洲开发银行,2010,玻利维亚,拉丁美洲与加勒比地区,BO-T1139 ,苏尔利佩兹地热项目准备工作（BO-L1057）,,0.15,0.15,0,0,0.15,,,为分析埃尔鲁伊斯火山地热项目的研究提供顾问小组资金。,"(-19.019585, -65.261961)"
美洲开发银行,2011,哥伦比亚,拉丁美洲与加勒比地区,CO-X1009 ,地热发电的催化性投资,3.77,2.73,2.67,0.73,0,1.94,,,,"(4.598056, -74.075833)"
美洲开发银行,2010,哥伦比亚,拉丁美洲与加勒比地区,CO-T1208 ,鲁伊斯火山地热田的可行性研究,,0.9,0.9,0,0,0.9,,,没有关于项目的详细信息，因此假设全部贷款用于生产阶段。,"(4.598056, -74.075833)"
美洲开发银行,1999,哥伦比亚,拉丁美洲与加勒比地区,TC9902009 ,阿祖夫拉地热可行性研究,,0.01,0.13,0,0,0.13,,,没有关于项目的详细信息，因此假设全部贷款用于生产阶段。,"(4.598056, -74.075833)"
美洲开发银行,1994,哥伦比亚,拉丁美洲与加勒比地区,TC9405079 ,鲁伊斯火山地区地热项目,,0.03,0.04,0,0,0.04,,,没有关于项目的详细信息，因此假设全部贷款用于生产阶段。,"(4.598056, -74.075833)"
美洲开发银行,1998,哥伦比亚,拉丁美洲与加勒比地区,CR0115,米拉瓦耶斯 III,,16.5,21.16,0,21.16,0,,,关于技术援助组件的细节不多。,"(4.598056, -74.075833)"
美洲开发银行,1998,哥斯达黎加,拉丁美洲与加勒比地区,TC9801011 ,米拉瓦耶斯 III 地热发电厂,,0.18,0.23,0,0,0.23,,,,"(37.338208, -121.886329)"
美洲开发银行,1996,哥斯达黎加,拉丁美洲与加勒比地区,CR0096,米拉瓦耶斯 I 地热项目,151,74,97.58,0,97.58,0,,,该项目包括多个组件，其中三个与地热项目或研究相关。第一个组件是为柏林 I 地热发电厂（55 MW 装机容量）建设提供融资，成本为1.079亿美元。第二个相关组件是阿胡阿查潘地热发电厂（34 MW 装机容量）的修复与稳定，总计4680万美元。最后，进行了柏林 II 地热发电厂建设的可行性研究，耗资480万美元。所有这些组件都已执行并支付了上述金额。,"(37.338208, -121.886329)"
美洲开发银行,1982,哥斯达黎加,拉丁美洲与加勒比地区,TC8209159 ,地热沟渠的评估与运营,,0.02,0.04,0,0,0.04,,,通过增加地热能源的竞争力和建立鼓励投资的知识库和制度框架，克服利用地热能源的物理和制度障碍，促进可再生能源的采用。,"(37.338208, -121.886329)"
美洲开发银行,1980,哥斯达黎加,拉丁美洲与加勒比地区,CR0072 ,米拉瓦耶斯第三阶段地热项目,,8.8,20.03,0,20.03,0,,,没有详细信息。全部金额分配到技术援助活动。,"(37.338208, -121.886329)"
美洲开发银行,1977,哥斯达黎加,拉丁美洲与加勒比地区,CR0031 ,优势能源地热瓜纳卡斯特,,4.1,11.79,0,11.79,0,,,没有详细信息。全部金额分配到技术援助活动。,"(37.338208, -121.886329)"
美洲开发银行,1975,哥斯达黎加,拉丁美洲与加勒比地区,TC7509055,地热能源利用，瓜纳卡斯特,,0.5,1.61,0,0,1.61,,,扩展的第1阶段包括建设发电厂并安装一台38.8 MW（总功率）富士蒸汽涡轮机，成本为1.522亿美元。第2阶段包括钻探额外的生产井和注入井，建设蒸汽场基础设施，并安装相同的38.8 MW 涡轮机，总成本为1.77亿美元，其中包括分配用于成本超支的2000万美元。,"(37.338208, -121.886329)"
美洲开发银行,1986,多米尼加共和国,拉丁美洲与加勒比地区,TC8605109 ,哥斯达黎加地热项目咨询合作,,0.01,0.02,0,0,0.02,,“来源：亚历杭德罗·梅兰德里,地质科学研究（主要是火山学和岩石学）。,"(18.466667, -69.95)"
美洲开发银行,1985,多米尼加共和国,拉丁美洲与加勒比地区,TC8503212 ,地热分析评估,,0.03,0.05,0,0,0.05,,能源领导专家,没有详细信息。基于1996年同一地区被取消的技术援助计划所设想的活动，将全部金额分配到勘探活动。,"(18.466667, -69.95)"
美洲开发银行,1994,萨尔瓦多,拉丁美洲与加勒比地区,ES0088,能源部门扩展计划,332,159.5,218.62,0,212.04,6.58,,美洲开发银行能源部门 (alejandrome@iadb.org)”,没有详细信息。全部金额分配到技术援助类别。,"(13.69294, -89.218191)"
美洲开发银行,2002,危地马拉,拉丁美洲与加勒比地区,TC0112130 ,发电地热资源的开发项目,0.415,0.35,0.42,0,0,0.42,,,CTF为勘探钻井提供了2500万美元，EBRD为建设提供了1亿美元。,"(14.613333, -90.535278)"
美洲开发银行,2004,洪都拉斯,拉丁美洲与加勒比地区,HO-T1004,普拉塔纳雷斯地热项目可行性研究,,0.15,0.17,0,0,0.17,,,没有详细信息。全部金额已分配到技术援助活动。,"(14.0833, -87.2167)"
美洲开发银行,2010,墨西哥,拉丁美洲与加勒比地区,ME-T1161 ,墨西哥地热潜力评估,,0.06,0.06,0,0,0.06,,,没有详细信息。全部金额已分配到技术援助活动。,"(19.432608, -99.133208)"
美洲开发银行,2010,尼加拉瓜,拉丁美洲与加勒比地区,NI-L1057 ,圣哈辛托-蒂萨特地热发电项目,216,40,40,0,40,0,,,扩展的第一阶段包括建设发电厂和安装一台38.8 MW（总功率）的富士蒸汽涡轮机，成本为1.522亿美元。第二阶段包括钻探额外的生产井和注入井，建设蒸汽场基础设施，并安装一台相同的38.8 MW涡轮机，总成本为1.77亿美元，其中包括分配的2000万美元成本超支资金，这是第二阶段贷款方要求的。,"(12.136389, -86.251389)"
美洲开发银行,1994,尼加拉瓜,拉丁美洲与加勒比地区,TC9405061 ,莫莫汤波地热田评估,,0.68,0.93,0.93,0,0,,,地质科学研究（主要是火山学和岩石学）。,"(12.136389, -86.251389)"
美洲开发银行,1998,巴拿马,欧洲与中亚,TC9702491 ,安东谷地热田（COFAB）,,1.1,1.41,1.41,0,0,,,没有详细信息。基于1996年同一地区取消的技术援助计划设想的活动，全部金额已分配到勘探活动。,"(8.983333, -79.516667)"
美洲开发银行,1983,巴拿马,欧洲与中亚,TC8211279 ,地热综合项目的可行性研究,,1.29,2.43,2.43,0,0,,,没有详细信息。全部金额已分配到技术援助类别。,"(8.983333, -79.516667)"
美洲开发银行,1983,巴拿马,非洲,TC8211493 ,地热勘查研究,,0.48,0.91,0,0,0.91,,SREP,CTF为勘探钻井提供了2500万美元，EBRD为建设提供了1亿美元。,"(8.983333, -79.516667)"
欧洲复兴开发银行,2015,土耳其,非洲,46809,地热开发贷款工具/早期地热支持框架,328,100,90.18,,90.18,,,SREP,向Gurmat Elektrik Uretim A.S.公司（“Gurmat Elektrik”或“公司”）提供高级贷款，用于在土耳其艾丁-杰门奇克省开发一座123.3MW绿色地热发电厂（GPP）。,"(39.92077, 32.85411)"
欧洲复兴开发银行,2015,土耳其,非洲,44596,埃菲勒地热发电厂,970,150,135.27,,135.27,,,SREP,SREP为生产钻井和能力建设提供资金。,"(39.92077, 32.85411)"
气候投资基金,2011,肯尼亚,欧洲与中亚,,门加奈地热,848,40,39.19,,38.21,0.98,,CTF,SREP为阿鲁托·兰加诺生产钻井的钻探消耗品提供资金。,"(-1.292066, 36.821946)"
气候投资基金,2012,埃塞俄比亚,欧洲与中亚,,地热行业发展项目,216,26,25.02,,23.58,1.44,,DPSP,SREP支持地热战略、制度框架、能力建设、勘探，包括测试钻井，以及电力项目开发的咨询服务。,"(8.980603, 38.757761)"
气候投资基金,2013,坦桑尼亚,欧洲与中亚,,坦桑尼亚地热项目,536.8,25,23.71,18.97,,4.74,,SREP,通过世界银行提供1.25亿美元（用于生产阶段），通过亚洲开发银行提供1.5亿美元（主要用于项目后期的风险减缓阶段 - 在生产阶段和风险减缓工具之间以50/50分配），通过国际金融公司提供5000万美元（用于完成勘探阶段）。,"(-6.173056, 35.741944)"
气候投资基金,2013,印度尼西亚,拉丁美洲与加勒比地区,,地热项目,4960,325,308.22,47.42,189.67,,71.13,DPSP,CTF为勘探钻井提供资金，EBRD为建设提供1亿美元。,"(-6.208763, 106.845599)"
气候投资基金,2015,土耳其,拉丁美洲与加勒比地区,,地热开发贷款工具/早期地热支持框架,328,25,22.55,22.55,,,,"CTF, DPSP",另加30万美元PPG。,"(39.92077, 32.85411)"
气候投资基金,2015,亚美尼亚,拉丁美洲与加勒比地区,,地热勘探钻探项目,10.68,8.55,7.71,7.26,,0.45,,"CTF, DPSP",CTF IP提供了3430万美元（包括3150万美元贷款，280万美元赠款）和2000万美元DPSP（全部为赠款）。美洲开发银行贡献了5430万美元，墨西哥政府贡献了约1150万美元。,
气候投资基金,2015,土耳其,东亚与太平洋,,地热开发项目,290,40,0,,,,,DPSP,CTF IP贡献了3300万美元（2770万美元优惠贷款/担保，104.8万美元赠款资金，125.2万美元实施和支持服务 - 用于IDB；300万美元技术援助由世界银行实施）和2000万美元CTF DPSP（优惠贷款/担保）——解决方案可能包括高级和次级长期项目贷款、短期过渡贷款和担保——全部金额已分配到“风险减缓工具”类别。,"(39.92077, 32.85411)"
气候投资基金,2013,墨西哥,东亚与太平洋,,地热融资与风险转移设施,1145.7,54.3,51.5,,29.87,2.66,18.97,"CTF, DPSP",通过进一步的蒸汽资源开发，在尼加拉瓜莱昂附近的San Jacinto-Tizate地热特许区增加72MW的发电容量，通过2台36MW富士闪蒸涡轮机支持。,"(19.432608, -99.133208)"
气候投资基金,2013,智利,东亚与太平洋,,地热风险缓解设施,,53,50.27,,,2.85,47.42,"CTF, DPSP",PNOC-Energy Development Corporation（PNOC-EDC或“公司”）是一家综合地热蒸汽和电力生产公司，其核心业务是地热能源的勘探、开发和生产。公司目前通过私营部门的电力生产商以建造-运营-转让（BOT）方式在指定的10年特许期内运营地热发电厂。国际金融公司计划为公司提供财务支持，以协助其中期资本支出计划。,"(-33.46912, -70.641997)"
国际金融公司,,尼加拉瓜,东亚与太平洋,27676,圣哈辛托,60,60,60,,60,,,,拟议的国际金融公司投资将是一笔1亿美元的A类贷款，并可能增加1亿美元的B类贷款。贷款的收益将部分用于为公司的中期资本支出计划融资。,"(12.136389, -86.251389)"
国际金融公司,,菲律宾,欧洲与中亚,25389,PNOC-能源开发公司,50,50,53.98,,53.98,,,,拟议的国际金融公司投资将是一笔7500万美元的A类贷款，并可能从双边资金中动员另外7500万美元。贷款的收益将部分用于为公司的中期资本支出计划融资。,"(14.599512, 120.984219)"
国际金融公司,,菲律宾,欧洲与中亚,26529,PNOC-EDC 贷款,100,100,102.65,,102.65,,,,2013年12月，CTF批准了5000万美元的贡献。,"(14.599512, 120.984219)"
国际金融公司,,菲律宾,非洲,29404,能源开发 II,75,75,75,,75,,,,BM Holding在财务结算前投资了高达1200万美元（总投资成本的24%）用于勘探和开发，随后从当地商业银行Yapikredi获得了高达3450万美元的债务融资（占总成本的70%）。Yapikredi从欧洲复兴开发银行（EBRD）管理的中型可持续能源融资工具（MidSEFF）中获得了2490万美元的贷款。,"(14.599512, 120.984219)"
国际金融公司,,印度尼西亚,欧洲与中亚,TBC,印度尼西亚地热电力融资（IGEF）计划,,,0,,,,,,BM Holding在财务结算前投资了高达1200万美元（总投资成本的24%）用于勘探和开发，随后从当地商业银行Yapikredi获得了高达3450万美元的债务融资（占总成本的70%）。Yapikredi从欧洲复兴开发银行（EBRD）管理的中型可持续能源融资工具（MidSEFF）中获得了2490万美元的贷款。,"(-6.208763, 106.845599)"
欧洲复兴开发银行,2012,土耳其,ECA,,古穆斯柯伊地热发电厂,46.5,24.9,23.97,,23.97,,,,IDA：蒸汽收集系统、输电线路和变电站、技术援助——没有关于IDA对每个组件分配的详细信息；整体项目钻探生产井（不是勘探井）。其他融资来源：SREP：4000万美元（贷款和赠款），非洲开发银行：1.2亿美元（贷款），AFD：1.7亿美元（贷款），EIB：3700万美元（贷款）；GDC/MoE：3.67亿美元（股本）。,"(39.92077, 32.85411)"
欧洲复兴开发银行,2012,土耳其,ECA,,古穆斯柯伊地热发电厂,46.5,24.9,23.97,,23.97,,,,BM Holding在财务结算前投资了高达1200万美元（总投资成本的24%）用于勘探和开发，随后从当地商业银行Yapikredi获得了高达3450万美元的债务融资（占总成本的70%）。Yapikredi从欧洲复兴开发银行（EBRD）管理的中型可持续能源融资工具（MidSEFF）中获得了2490万美元的贷款。,"(39.92077, 32.85411)"
世界银行,TBD,肯尼亚,AFR,P129910,门加奈地热 - 目前“暂停”,,,0,,0,,,,国际开发协会 (IDA)：蒸汽采集系统、输电线路和变电站、技术援助 - 关于IDA在每个组件上的分配没有详细信息；项目总体包括生产井钻探（不包括勘探井）。其他融资来源：SREP：4000万美元（贷款和赠款），非洲开发银行 (AfDB)：1.2亿美元（贷款），法国开发署 (AFD)：1.7亿美元（贷款），欧洲投资银行 (EIB)：3700万美元（贷款）；肯尼亚地热开发公司 (GDC)/能源部：3.67亿美元（股本）。,"(-1.292066, 36.821946)"
欧洲复兴开发银行,2012,土耳其,ECA,,古穆斯柯伊地热发电厂,46.5,24.9,,,23.97,,,,BM Holding 在财务结算前投资了高达1200万美元（占总投资成本的24%）用于勘探和开发，随后从当地商业银行 Yapikredi 获得了高达3450万美元的债务融资（占总成本的70%）。Yapikredi 从欧洲复兴开发银行 (EBRD) 管理的中型可持续能源融资工具 (MidSEFF) 中获得了2490万美元的贷款。,"(39.92077, 32.85411)"
