时间,地区,商品住宅施工面积(万平方米),商品住宅施工面积(万平方米)-本年新开工面积,商品住宅竣工面积,Group
2023年10月,天津市,6838.01,648.5,1204.67,2023年10月各地区住宅开发规模与开、竣工面积增长情况
2023年10月,河北省,24346.81,3656.28,1087.18,2023年10月各地区住宅开发规模与开、竣工面积增长情况
2023年10月,辽宁省,15373.98,1209.61,1314.16,2023年10月各地区住宅开发规模与开、竣工面积增长情况
2023年10月,上海市,7764.96,1190.89,973.36,2023年10月各地区住宅开发规模与开、竣工面积增长情况
2023年10月,江苏省,41338.9,5306.3,4757.78,2023年10月各地区住宅开发规模与开、竣工面积增长情况
2023年10月,浙江省,33026.72,4052.79,4135.75,2023年10月各地区住宅开发规模与开、竣工面积增长情况
2023年10月,福建省,18226.72,2114.05,1865.04,2023年10月各地区住宅开发规模与开、竣工面积增长情况
2023年10月,山东省,51615.19,5324.45,4547.29,2023年10月各地区住宅开发规模与开、竣工面积增长情况
2023年10月,广东省,55049.06,4290.88,3856.65,2023年10月各地区住宅开发规模与开、竣工面积增长情况
2023年10月,海南省,5839.4,657.08,263.67,2023年10月各地区住宅开发规模与开、竣工面积增长情况
2023年10月,中部地区,149243.42,17265.14,11616.11,2023年10月各地区住宅开发规模与开、竣工面积增长情况
2023年10月,山西省,18261.14,1867.21,917.28,2023年10月各地区住宅开发规模与开、竣工面积增长情况
2023年10月,吉林省,7426.17,656.83,331.87,2023年10月各地区住宅开发规模与开、竣工面积增长情况
2023年10月,黑龙江省,6593.69,584.58,504.83,2023年10月各地区住宅开发规模与开、竣工面积增长情况
2023年10月,安徽省,25882.97,3587.64,2604.31,2023年10月各地区住宅开发规模与开、竣工面积增长情况
2023年10月,江西省,16695.14,2005.11,851.34,2023年10月各地区住宅开发规模与开、竣工面积增长情况
2023年10月,河南省,40630.33,4469.84,2862.24,2023年10月各地区住宅开发规模与开、竣工面积增长情况
2023年10月,湖北省,23242.89,2488.49,2396.27,2023年10月各地区住宅开发规模与开、竣工面积增长情况
2023年10月,湖南省,24530.95,2846.84,1984.69,2023年10月各地区住宅开发规模与开、竣工面积增长情况
2023年10月,西部地区,156419.05,16147.18,10425.96,2023年10月各地区住宅开发规模与开、竣工面积增长情况
2023年10月,内蒙古自治区,10029.87,1153.22,492.95,2023年10月各地区住宅开发规模与开、竣工面积增长情况
2023年10月,广西壮族自治区,21450.39,1252.87,1551.32,2023年10月各地区住宅开发规模与开、竣工面积增长情况
2023年10月,重庆市,13510.22,1228.52,1852.5,2023年10月各地区住宅开发规模与开、竣工面积增长情况
2023年10月,四川省,31505.39,3517.84,2052.54,2023年10月各地区住宅开发规模与开、竣工面积增长情况
2023年10月,贵州省,17290.06,1207.47,573.6,2023年10月各地区住宅开发规模与开、竣工面积增长情况
2023年10月,云南省,16957.44,1414.67,1203.32,2023年10月各地区住宅开发规模与开、竣工面积增长情况
2023年10月,西藏自治区,465.3,30.66,33.16,2023年10月各地区住宅开发规模与开、竣工面积增长情况
2023年10月,陕西省,20485.52,3154.85,893.0,2023年10月各地区住宅开发规模与开、竣工面积增长情况
2023年10月,甘肃省,8785.29,1146.26,412.31,2023年10月各地区住宅开发规模与开、竣工面积增长情况
2023年10月,青海省,2252.51,194.85,76.6,2023年10月各地区住宅开发规模与开、竣工面积增长情况
2023年10月,宁夏回族自治区,3391.66,588.44,534.73,2023年10月各地区住宅开发规模与开、竣工面积增长情况
2023年10月,新疆维吾尔自治区,10295.41,1257.53,749.93,2023年10月各地区住宅开发规模与开、竣工面积增长情况
2023年11月,天津市,6728.94,730.44,1433.83,2023年11月各地区住宅开发规模与开、竣工面积增长情况
2023年11月,河北省,24774.92,3972.93,2720.89,2023年11月各地区住宅开发规模与开、竣工面积增长情况
2023年11月,辽宁省,15408.13,1254.84,1735.98,2023年11月各地区住宅开发规模与开、竣工面积增长情况
2023年11月,上海市,8020.72,1356.33,1173.45,2023年11月各地区住宅开发规模与开、竣工面积增长情况
2023年11月,江苏省,41789.47,5802.45,6514.72,2023年11月各地区住宅开发规模与开、竣工面积增长情况
2023年11月,浙江省,33749.14,4627.83,6315.54,2023年11月各地区住宅开发规模与开、竣工面积增长情况
2023年11月,福建省,18386.19,2295.1,2911.24,2023年11月各地区住宅开发规模与开、竣工面积增长情况
2023年11月,山东省,52050.69,5804.45,6517.62,2023年11月各地区住宅开发规模与开、竣工面积增长情况
2023年11月,广东省,55396.64,4740.89,5408.39,2023年11月各地区住宅开发规模与开、竣工面积增长情况
2023年11月,海南省,5890.61,723.13,515.87,2023年11月各地区住宅开发规模与开、竣工面积增长情况
2023年11月,中部地区,150132.33,18739.56,18733.43,2023年11月各地区住宅开发规模与开、竣工面积增长情况
2023年11月,山西省,18479.55,2013.06,1872.74,2023年11月各地区住宅开发规模与开、竣工面积增长情况
2023年11月,吉林省,7499.03,722.93,507.1,2023年11月各地区住宅开发规模与开、竣工面积增长情况
2023年11月,黑龙江省,6622.58,614.61,655.35,2023年11月各地区住宅开发规模与开、竣工面积增长情况
2023年11月,安徽省,26135.21,3843.99,4205.67,2023年11月各地区住宅开发规模与开、竣工面积增长情况
2023年11月,江西省,16743.4,2149.18,1507.99,2023年11月各地区住宅开发规模与开、竣工面积增长情况
2023年11月,河南省,40876.0,4786.86,4833.41,2023年11月各地区住宅开发规模与开、竣工面积增长情况
2023年11月,湖北省,23477.85,2835.61,3015.38,2023年11月各地区住宅开发规模与开、竣工面积增长情况
2023年11月,湖南省,24420.31,3110.87,3298.24,2023年11月各地区住宅开发规模与开、竣工面积增长情况
2023年11月,西部地区,157179.38,17185.05,16153.29,2023年11月各地区住宅开发规模与开、竣工面积增长情况
2023年11月,内蒙古自治区,9833.22,1082.25,938.43,2023年11月各地区住宅开发规模与开、竣工面积增长情况
2023年11月,广西壮族自治区,21684.8,1426.01,2018.25,2023年11月各地区住宅开发规模与开、竣工面积增长情况
2023年11月,重庆市,13608.2,1359.84,2279.87,2023年11月各地区住宅开发规模与开、竣工面积增长情况
2023年11月,四川省,31909.94,3916.07,2770.4,2023年11月各地区住宅开发规模与开、竣工面积增长情况
2023年11月,贵州省,17432.36,1331.22,1190.18,2023年11月各地区住宅开发规模与开、竣工面积增长情况
2023年11月,云南省,16805.83,1516.23,2352.18,2023年11月各地区住宅开发规模与开、竣工面积增长情况
2023年11月,西藏自治区,466.94,31.64,41.2,2023年11月各地区住宅开发规模与开、竣工面积增长情况
2023年11月,陕西省,20467.39,3217.55,1654.4,2023年11月各地区住宅开发规模与开、竣工面积增长情况
2023年11月,甘肃省,8874.3,1210.61,977.01,2023年11月各地区住宅开发规模与开、竣工面积增长情况
2023年11月,青海省,2250.51,195.64,200.12,2023年11月各地区住宅开发规模与开、竣工面积增长情况
2023年11月,宁夏回族自治区,3378.11,593.25,781.27,2023年11月各地区住宅开发规模与开、竣工面积增长情况
2023年11月,新疆维吾尔自治区,10467.79,1304.74,950.0,2023年11月各地区住宅开发规模与开、竣工面积增长情况
2023年12月,天津市, , , ,2023年12月各地区住宅开发规模与开、竣工面积增长情况
2023年12月,河北省, , , ,2023年12月各地区住宅开发规模与开、竣工面积增长情况
2023年12月,辽宁省, , , ,2023年12月各地区住宅开发规模与开、竣工面积增长情况
2023年12月,上海市, , , ,2023年12月各地区住宅开发规模与开、竣工面积增长情况
2023年12月,江苏省, , , ,2023年12月各地区住宅开发规模与开、竣工面积增长情况
2023年12月,浙江省, , , ,2023年12月各地区住宅开发规模与开、竣工面积增长情况
2023年12月,福建省, , , ,2023年12月各地区住宅开发规模与开、竣工面积增长情况
2023年12月,山东省, , , ,2023年12月各地区住宅开发规模与开、竣工面积增长情况
2023年12月,广东省, , , ,2023年12月各地区住宅开发规模与开、竣工面积增长情况
2023年12月,海南省, , , ,2023年12月各地区住宅开发规模与开、竣工面积增长情况
2023年12月,中部地区, , , ,2023年12月各地区住宅开发规模与开、竣工面积增长情况
2023年12月,山西省, , , ,2023年12月各地区住宅开发规模与开、竣工面积增长情况
2023年12月,吉林省, , , ,2023年12月各地区住宅开发规模与开、竣工面积增长情况
2023年12月,黑龙江省, , , ,2023年12月各地区住宅开发规模与开、竣工面积增长情况
2023年12月,安徽省, , , ,2023年12月各地区住宅开发规模与开、竣工面积增长情况
2023年12月,江西省, , , ,2023年12月各地区住宅开发规模与开、竣工面积增长情况
2023年12月,河南省, , , ,2023年12月各地区住宅开发规模与开、竣工面积增长情况
2023年12月,湖北省, , , ,2023年12月各地区住宅开发规模与开、竣工面积增长情况
2023年12月,湖南省, , , ,2023年12月各地区住宅开发规模与开、竣工面积增长情况
2023年12月,西部地区, , , ,2023年12月各地区住宅开发规模与开、竣工面积增长情况
2023年12月,内蒙古自治区, , , ,2023年12月各地区住宅开发规模与开、竣工面积增长情况
2023年12月,广西壮族自治区, , , ,2023年12月各地区住宅开发规模与开、竣工面积增长情况
2023年12月,重庆市, , , ,2023年12月各地区住宅开发规模与开、竣工面积增长情况
2023年12月,四川省, , , ,2023年12月各地区住宅开发规模与开、竣工面积增长情况
2023年12月,贵州省, , , ,2023年12月各地区住宅开发规模与开、竣工面积增长情况
2023年12月,云南省, , , ,2023年12月各地区住宅开发规模与开、竣工面积增长情况
2023年12月,西藏自治区, , , ,2023年12月各地区住宅开发规模与开、竣工面积增长情况
2023年12月,陕西省, , , ,2023年12月各地区住宅开发规模与开、竣工面积增长情况
2023年12月,甘肃省, , , ,2023年12月各地区住宅开发规模与开、竣工面积增长情况
2023年12月,青海省, , , ,2023年12月各地区住宅开发规模与开、竣工面积增长情况
2023年12月,宁夏回族自治区, , , ,2023年12月各地区住宅开发规模与开、竣工面积增长情况
2023年12月,新疆维吾尔自治区, , , ,2023年12月各地区住宅开发规模与开、竣工面积增长情况
2023年8月,天津市,6945.71,524.64,741.39,2023年8月各地区住宅开发规模与开、竣工面积增长情况
2023年8月,河北省,23650.39,2887.33,685.89,2023年8月各地区住宅开发规模与开、竣工面积增长情况
2023年8月,辽宁省,15159.58,988.72,1065.49,2023年8月各地区住宅开发规模与开、竣工面积增长情况
2023年8月,上海市,7387.51,908.02,711.82,2023年8月各地区住宅开发规模与开、竣工面积增长情况
2023年8月,江苏省,40039.9,4062.78,3904.31,2023年8月各地区住宅开发规模与开、竣工面积增长情况
2023年8月,浙江省,31837.37,3274.84,3153.34,2023年8月各地区住宅开发规模与开、竣工面积增长情况
2023年8月,福建省,17963.72,1802.95,1422.59,2023年8月各地区住宅开发规模与开、竣工面积增长情况
2023年8月,山东省,50783.77,4501.47,2744.0,2023年8月各地区住宅开发规模与开、竣工面积增长情况
2023年8月,广东省,54276.68,3527.99,3095.71,2023年8月各地区住宅开发规模与开、竣工面积增长情况
2023年8月,海南省,5701.09,536.21,199.73,2023年8月各地区住宅开发规模与开、竣工面积增长情况
2023年8月,中部地区,146558.29,14588.15,8082.11,2023年8月各地区住宅开发规模与开、竣工面积增长情况
2023年8月,山西省,18095.26,1597.98,618.08,2023年8月各地区住宅开发规模与开、竣工面积增长情况
2023年8月,吉林省,7331.17,527.6,243.03,2023年8月各地区住宅开发规模与开、竣工面积增长情况
2023年8月,黑龙江省,6508.65,493.09,392.04,2023年8月各地区住宅开发规模与开、竣工面积增长情况
2023年8月,安徽省,25353.72,3129.25,2012.08,2023年8月各地区住宅开发规模与开、竣工面积增长情况
2023年8月,江西省,16434.03,1782.02,767.51,2023年8月各地区住宅开发规模与开、竣工面积增长情况
2023年8月,河南省,39943.91,3749.32,1879.47,2023年8月各地区住宅开发规模与开、竣工面积增长情况
2023年8月,湖北省,22715.0,1929.54,1248.21,2023年8月各地区住宅开发规模与开、竣工面积增长情况
2023年8月,湖南省,24016.36,2400.04,1556.77,2023年8月各地区住宅开发规模与开、竣工面积增长情况
2023年8月,西部地区,154055.48,13380.28,8401.04,2023年8月各地区住宅开发规模与开、竣工面积增长情况
2023年8月,内蒙古自治区,9914.61,906.02,276.1,2023年8月各地区住宅开发规模与开、竣工面积增长情况
2023年8月,广西壮族自治区,21287.36,1075.39,1372.6,2023年8月各地区住宅开发规模与开、竣工面积增长情况
2023年8月,重庆市,13413.98,1099.42,1597.05,2023年8月各地区住宅开发规模与开、竣工面积增长情况
2023年8月,四川省,30828.25,2892.91,1749.1,2023年8月各地区住宅开发规模与开、竣工面积增长情况
2023年8月,贵州省,16985.61,978.75,387.09,2023年8月各地区住宅开发规模与开、竣工面积增长情况
2023年8月,云南省,16753.61,1233.82,1008.69,2023年8月各地区住宅开发规模与开、竣工面积增长情况
2023年8月,西藏自治区,460.8,26.18,24.19,2023年8月各地区住宅开发规模与开、竣工面积增长情况
2023年8月,陕西省,19877.65,2549.93,774.31,2023年8月各地区住宅开发规模与开、竣工面积增长情况
2023年8月,甘肃省,8619.01,987.66,289.35,2023年8月各地区住宅开发规模与开、竣工面积增长情况
2023年8月,青海省,2212.7,156.44,67.46,2023年8月各地区住宅开发规模与开、竣工面积增长情况
2023年8月,宁夏回族自治区,3309.36,496.75,361.0,2023年8月各地区住宅开发规模与开、竣工面积增长情况
2023年8月,新疆维吾尔自治区,10392.53,977.02,494.09,2023年8月各地区住宅开发规模与开、竣工面积增长情况
2023年9月,天津市,6942.36,592.96,921.18,2023年9月各地区住宅开发规模与开、竣工面积增长情况
2023年9月,河北省,23978.93,3219.6,841.08,2023年9月各地区住宅开发规模与开、竣工面积增长情况
2023年9月,辽宁省,15263.66,1094.77,1171.35,2023年9月各地区住宅开发规模与开、竣工面积增长情况
2023年9月,上海市,7414.76,1062.64,823.41,2023年9月各地区住宅开发规模与开、竣工面积增长情况
2023年9月,江苏省,40498.23,4538.65,4235.12,2023年9月各地区住宅开发规模与开、竣工面积增长情况
2023年9月,浙江省,32394.89,3621.62,3500.66,2023年9月各地区住宅开发规模与开、竣工面积增长情况
2023年9月,福建省,18110.39,1948.75,1559.68,2023年9月各地区住宅开发规模与开、竣工面积增长情况
2023年9月,山东省,51102.66,4808.24,3031.13,2023年9月各地区住宅开发规模与开、竣工面积增长情况
2023年9月,广东省,54613.8,3872.55,3432.34,2023年9月各地区住宅开发规模与开、竣工面积增长情况
2023年9月,海南省,5768.58,573.94,205.32,2023年9月各地区住宅开发规模与开、竣工面积增长情况
2023年9月,中部地区,147860.42,15850.51,9598.12,2023年9月各地区住宅开发规模与开、竣工面积增长情况
2023年9月,山西省,18186.57,1733.97,740.35,2023年9月各地区住宅开发规模与开、竣工面积增长情况
2023年9月,吉林省,7414.01,621.58,263.26,2023年9月各地区住宅开发规模与开、竣工面积增长情况
2023年9月,黑龙江省,6548.6,530.64,456.19,2023年9月各地区住宅开发规模与开、竣工面积增长情况
2023年9月,安徽省,25673.69,3379.73,2249.46,2023年9月各地区住宅开发规模与开、竣工面积增长情况
2023年9月,江西省,16488.5,1875.25,785.66,2023年9月各地区住宅开发规模与开、竣工面积增长情况
2023年9月,河南省,40275.82,4065.4,2025.75,2023年9月各地区住宅开发规模与开、竣工面积增长情况
2023年9月,湖北省,22965.25,2174.91,2056.04,2023年9月各地区住宅开发规模与开、竣工面积增长情况
2023年9月,湖南省,24270.59,2621.25,1740.85,2023年9月各地区住宅开发规模与开、竣工面积增长情况
2023年9月,西部地区,155346.53,14769.82,9488.98,2023年9月各地区住宅开发规模与开、竣工面积增长情况
2023年9月,内蒙古自治区,10024.89,1049.31,388.57,2023年9月各地区住宅开发规模与开、竣工面积增长情况
2023年9月,广西壮族自治区,21374.4,1150.43,1464.27,2023年9月各地区住宅开发规模与开、竣工面积增长情况
2023年9月,重庆市,13479.91,1199.51,1747.75,2023年9月各地区住宅开发规模与开、竣工面积增长情况
2023年9月,四川省,31207.05,3225.2,1909.27,2023年9月各地区住宅开发规模与开、竣工面积增长情况
2023年9月,贵州省,17169.65,1116.03,465.25,2023年9月各地区住宅开发规模与开、竣工面积增长情况
2023年9月,云南省,16810.72,1293.8,1095.87,2023年9月各地区住宅开发规模与开、竣工面积增长情况
2023年9月,西藏自治区,465.22,30.59,31.18,2023年9月各地区住宅开发规模与开、竣工面积增长情况
2023年9月,陕西省,20121.45,2802.7,881.65,2023年9月各地区住宅开发规模与开、竣工面积增长情况
2023年9月,甘肃省,8694.28,1060.77,374.62,2023年9月各地区住宅开发规模与开、竣工面积增长情况
2023年9月,青海省,2249.38,191.73,76.6,2023年9月各地区住宅开发规模与开、竣工面积增长情况
2023年9月,宁夏回族自治区,3353.18,543.5,442.27,2023年9月各地区住宅开发规模与开、竣工面积增长情况
2023年9月,新疆维吾尔自治区,10396.4,1106.26,611.67,2023年9月各地区住宅开发规模与开、竣工面积增长情况
2024年1月,天津市,4771.31,55.18,92.53,2024年1月各地区住宅开发规模与开、竣工面积增长情况
2024年1月,河北省,19493.42,144.01,144.0,2024年1月各地区住宅开发规模与开、竣工面积增长情况
2024年1月,辽宁省,11981.74,45.30,129.95,2024年1月各地区住宅开发规模与开、竣工面积增长情况
2024年1月,上海市,5791.59,56.16,165.53,2024年1月各地区住宅开发规模与开、竣工面积增长情况
2024年1月,江苏省,31844.57,690.38,673.91,2024年1月各地区住宅开发规模与开、竣工面积增长情况
2024年1月,浙江省,23712.63,333.20,440.82,2024年1月各地区住宅开发规模与开、竣工面积增长情况
2024年1月,福建省,13886.86,406.08,357.84,2024年1月各地区住宅开发规模与开、竣工面积增长情况
2024年1月,山东省,42334.69,479.40,613.21,2024年1月各地区住宅开发规模与开、竣工面积增长情况
2024年1月,广东省,46686.21,572.50,808.5,2024年1月各地区住宅开发规模与开、竣工面积增长情况
2024年1月,海南省,4800.53,137.33,40.52,2024年1月各地区住宅开发规模与开、竣工面积增长情况
2024年1月,中部地区,118254.98,2261.75,2278.71,2024年1月各地区住宅开发规模与开、竣工面积增长情况
2024年1月,山西省,14745.4,58.60,51.31,2024年1月各地区住宅开发规模与开、竣工面积增长情况
2024年1月,吉林省,6269.19,0.05,47.04,2024年1月各地区住宅开发规模与开、竣工面积增长情况
2024年1月,黑龙江省,5413.03, ,40.22,2024年1月各地区住宅开发规模与开、竣工面积增长情况
2024年1月,安徽省,18360.63,513.63,541.2,2024年1月各地区住宅开发规模与开、竣工面积增长情况
2024年1月,江西省,13793.12,341.82,388.8,2024年1月各地区住宅开发规模与开、竣工面积增长情况
2024年1月,河南省,33814.18,777.65,548.54,2024年1月各地区住宅开发规模与开、竣工面积增长情况
2024年1月,湖北省,18161.61,243.68,314.37,2024年1月各地区住宅开发规模与开、竣工面积增长情况
2024年1月,湖南省,19380.04,326.38,434.48,2024年1月各地区住宅开发规模与开、竣工面积增长情况
2024年1月,西部地区,126464.43,1550.70,1813.18,2024年1月各地区住宅开发规模与开、竣工面积增长情况
2024年1月,内蒙古自治区,7593.54,9.50,46.17,2024年1月各地区住宅开发规模与开、竣工面积增长情况
2024年1月,广西壮族自治区,18012.53,211.69,301.68,2024年1月各地区住宅开发规模与开、竣工面积增长情况
2024年1月,重庆市,10701.0,183.03,214.97,2024年1月各地区住宅开发规模与开、竣工面积增长情况
2024年1月,四川省,25768.46,516.14,610.98,2024年1月各地区住宅开发规模与开、竣工面积增长情况
2024年1月,贵州省,14460.8,164.16,77.26,2024年1月各地区住宅开发规模与开、竣工面积增长情况
2024年1月,云南省,13582.41,198.09,241.1,2024年1月各地区住宅开发规模与开、竣工面积增长情况
2024年1月,西藏自治区,411.27, ,2.37,2024年1月各地区住宅开发规模与开、竣工面积增长情况
2024年1月,陕西省,15518.5,206.84,142.47,2024年1月各地区住宅开发规模与开、竣工面积增长情况
2024年1月,甘肃省,7123.58,46.88,25.26,2024年1月各地区住宅开发规模与开、竣工面积增长情况
2024年1月,青海省,1772.17, ,19.41,2024年1月各地区住宅开发规模与开、竣工面积增长情况
2024年1月,宁夏回族自治区,2514.25,10.12,41.19,2024年1月各地区住宅开发规模与开、竣工面积增长情况
2024年1月,新疆维吾尔自治区,9005.9,4.24,90.34,2024年1月各地区住宅开发规模与开、竣工面积增长情况
2024年2月,天津市,4876.02,210.48,144.68,2024年2月各地区住宅开发规模与开、竣工面积增长情况
2024年2月,河北省,20003.13,451.83,205.59,2024年2月各地区住宅开发规模与开、竣工面积增长情况
2024年2月,辽宁省,12121.51,137.42,201.85,2024年2月各地区住宅开发规模与开、竣工面积增长情况
2024年2月,上海市,6273.59,217.30,242.37,2024年2月各地区住宅开发规模与开、竣工面积增长情况
2024年2月,江苏省,32345.94,1115.80,984.72,2024年2月各地区住宅开发规模与开、竣工面积增长情况
2024年2月,浙江省,24684.34,759.75,957.29,2024年2月各地区住宅开发规模与开、竣工面积增长情况
2024年2月,福建省,14052.33,607.12,475.12,2024年2月各地区住宅开发规模与开、竣工面积增长情况
2024年2月,山东省,42819.69,941.45,921.38,2024年2月各地区住宅开发规模与开、竣工面积增长情况
2024年2月,广东省,46972.65,931.34,1064.98,2024年2月各地区住宅开发规模与开、竣工面积增长情况
2024年2月,海南省,4914.76,172.32,130.46,2024年2月各地区住宅开发规模与开、竣工面积增长情况
2024年2月,中部地区,120648.82,3607.21,2961.12,2024年2月各地区住宅开发规模与开、竣工面积增长情况
2024年2月,山西省,15762.05,218.59,118.63,2024年2月各地区住宅开发规模与开、竣工面积增长情况
2024年2月,吉林省,6067.91,68.59,33.48,2024年2月各地区住宅开发规模与开、竣工面积增长情况
2024年2月,黑龙江省,5423.71,17.99,60.91,2024年2月各地区住宅开发规模与开、竣工面积增长情况
2024年2月,安徽省,18871.14,806.60,659.43,2024年2月各地区住宅开发规模与开、竣工面积增长情况
2024年2月,江西省,13958.34,494.66,456.92,2024年2月各地区住宅开发规模与开、竣工面积增长情况
2024年2月,河南省,34187.12,1155.45,749.59,2024年2月各地区住宅开发规模与开、竣工面积增长情况
2024年2月,湖北省,18381.63,408.70,431.4,2024年2月各地区住宅开发规模与开、竣工面积增长情况
2024年2月,湖南省,19488.54,523.21,545.14,2024年2月各地区住宅开发规模与开、竣工面积增长情况
2024年2月,西部地区,128309.54,3150.07,2673.03,2024年2月各地区住宅开发规模与开、竣工面积增长情况
2024年2月,内蒙古自治区,7480.49,49.04,102.3,2024年2月各地区住宅开发规模与开、竣工面积增长情况
2024年2月,广西壮族自治区,18096.72,309.64,433.82,2024年2月各地区住宅开发规模与开、竣工面积增长情况
2024年2月,重庆市,10812.04,313.40,317.05,2024年2月各地区住宅开发规模与开、竣工面积增长情况
2024年2月,四川省,26008.38,886.61,810.7,2024年2月各地区住宅开发规模与开、竣工面积增长情况
2024年2月,贵州省,14662.52,330.70,120.41,2024年2月各地区住宅开发规模与开、竣工面积增长情况
2024年2月,云南省,13731.59,360.25,315.73,2024年2月各地区住宅开发规模与开、竣工面积增长情况
2024年2月,西藏自治区,413.32, ,2.37,2024年2月各地区住宅开发规模与开、竣工面积增长情况
2024年2月,陕西省,16590.92,553.90,204.5,2024年2月各地区住宅开发规模与开、竣工面积增长情况
2024年2月,甘肃省,7302.87,183.08,72.66,2024年2月各地区住宅开发规模与开、竣工面积增长情况
2024年2月,青海省,1734.0,9.97,31.33,2024年2月各地区住宅开发规模与开、竣工面积增长情况
2024年2月,宁夏回族自治区,2532.61,71.01,68.56,2024年2月各地区住宅开发规模与开、竣工面积增长情况
2024年2月,新疆维吾尔自治区,8944.09,82.47,193.62,2024年2月各地区住宅开发规模与开、竣工面积增长情况
2024年3月,天津市,4867.14,240.65,158.77,2024年3月各地区住宅开发规模与开、竣工面积增长情况
2024年3月,河北省,20373.41,743.36,257.41,2024年3月各地区住宅开发规模与开、竣工面积增长情况
2024年3月,辽宁省,12192.08,199.82,257.87,2024年3月各地区住宅开发规模与开、竣工面积增长情况
2024年3月,上海市,6460.95,337.6,298.74,2024年3月各地区住宅开发规模与开、竣工面积增长情况
2024年3月,江苏省,33005.79,1502.56,1220.51,2024年3月各地区住宅开发规模与开、竣工面积增长情况
2024年3月,浙江省,25213.88,1045.25,1123.26,2024年3月各地区住宅开发规模与开、竣工面积增长情况
2024年3月,福建省,14105.87,696.89,610.07,2024年3月各地区住宅开发规模与开、竣工面积增长情况
2024年3月,山东省,43263.22,1329.28,1047.82,2024年3月各地区住宅开发规模与开、竣工面积增长情况
2024年3月,广东省,47331.74,1298.16,1362.35,2024年3月各地区住宅开发规模与开、竣工面积增长情况
2024年3月,海南省,4989.17,258.23,151.35,2024年3月各地区住宅开发规模与开、竣工面积增长情况
2024年3月,中部地区,121991.89,4749.84,3657.01,2024年3月各地区住宅开发规模与开、竣工面积增长情况
2024年3月,山西省,15975.87,349.82,156.63,2024年3月各地区住宅开发规模与开、竣工面积增长情况
2024年3月,吉林省,6315.8,157.94,51.76,2024年3月各地区住宅开发规模与开、竣工面积增长情况
2024年3月,黑龙江省,5503.47,92.2,81.54,2024年3月各地区住宅开发规模与开、竣工面积增长情况
2024年3月,安徽省,19139.22,978.73,808.47,2024年3月各地区住宅开发规模与开、竣工面积增长情况
2024年3月,江西省,14068.45,666.27,450.37,2024年3月各地区住宅开发规模与开、竣工面积增长情况
2024年3月,河南省,34509.74,1478.07,944.74,2024年3月各地区住宅开发规模与开、竣工面积增长情况
2024年3月,湖北省,18511.6,583.07,632.13,2024年3月各地区住宅开发规模与开、竣工面积增长情况
2024年3月,湖南省,19787.01,693.87,664.68,2024年3月各地区住宅开发规模与开、竣工面积增长情况
2024年3月,西部地区,129940.25,4191.9,3309.8,2024年3月各地区住宅开发规模与开、竣工面积增长情况
2024年3月,内蒙古自治区,7747.75,157.17,120.15,2024年3月各地区住宅开发规模与开、竣工面积增长情况
2024年3月,广西壮族自治区,18120.7,372.71,545.21,2024年3月各地区住宅开发规模与开、竣工面积增长情况
2024年3月,重庆市,10835.66,364.93,393.31,2024年3月各地区住宅开发规模与开、竣工面积增长情况
2024年3月,四川省,26284.63,1133.03,930.66,2024年3月各地区住宅开发规模与开、竣工面积增长情况
2024年3月,贵州省,14785.81,435.22,164.49,2024年3月各地区住宅开发规模与开、竣工面积增长情况
2024年3月,云南省,13796.74,444.25,421.14,2024年3月各地区住宅开发规模与开、竣工面积增长情况
2024年3月,西藏自治区,412.8,5.95,3.85,2024年3月各地区住宅开发规模与开、竣工面积增长情况
2024年3月,陕西省,16833.89,733.33,243.06,2024年3月各地区住宅开发规模与开、竣工面积增长情况
2024年3月,甘肃省,7346.78,205.36,95.0,2024年3月各地区住宅开发规模与开、竣工面积增长情况
2024年3月,青海省,1808.9,36.19,31.73,2024年3月各地区住宅开发规模与开、竣工面积增长情况
2024年3月,宁夏回族自治区,2578.35,117.2,102.79,2024年3月各地区住宅开发规模与开、竣工面积增长情况
2024年3月,新疆维吾尔自治区,9388.24,186.57,258.41,2024年3月各地区住宅开发规模与开、竣工面积增长情况
2024年4月,天津市,4950.72,270.08,182.08,2024年4月各地区住宅开发规模与开、竣工面积增长情况
2024年4月,河北省,20484.85,1110.33,278.01,2024年4月各地区住宅开发规模与开、竣工面积增长情况
2024年4月,辽宁省,12265.97,264.56,321.96,2024年4月各地区住宅开发规模与开、竣工面积增长情况
2024年4月,上海市,6680.33,423.56,320.8,2024年4月各地区住宅开发规模与开、竣工面积增长情况
2024年4月,江苏省,33353.77,1764.67,1550.93,2024年4月各地区住宅开发规模与开、竣工面积增长情况
2024年4月,浙江省,25353.23,1305.12,1401.92,2024年4月各地区住宅开发规模与开、竣工面积增长情况
2024年4月,福建省,14075.56,840.28,737.3,2024年4月各地区住宅开发规模与开、竣工面积增长情况
2024年4月,山东省,43390.5,1721.23,1158.42,2024年4月各地区住宅开发规模与开、竣工面积增长情况
2024年4月,广东省,47375.42,1478.07,1651.05,2024年4月各地区住宅开发规模与开、竣工面积增长情况
2024年4月,海南省,4971.73,277.08,179.25,2024年4月各地区住宅开发规模与开、竣工面积增长情况
2024年4月,中部地区,121406.79,5970.93,4139.62,2024年4月各地区住宅开发规模与开、竣工面积增长情况
2024年4月,山西省,15545.48,463.81,256.84,2024年4月各地区住宅开发规模与开、竣工面积增长情况
2024年4月,吉林省,6571.03,228.33,71.82,2024年4月各地区住宅开发规模与开、竣工面积增长情况
2024年4月,黑龙江省,5398.26,169.23,84.05,2024年4月各地区住宅开发规模与开、竣工面积增长情况
2024年4月,安徽省,19345.59,1212.65,938.84,2024年4月各地区住宅开发规模与开、竣工面积增长情况
2024年4月,江西省,14140.82,815.88,559.21,2024年4月各地区住宅开发规模与开、竣工面积增长情况
2024年4月,河南省,34330.96,1758.88,1059.75,2024年4月各地区住宅开发规模与开、竣工面积增长情况
2024年4月,湖北省,18338.24,832.65,642.24,2024年4月各地区住宅开发规模与开、竣工面积增长情况
2024年4月,湖南省,19705.7,887.05,682.74,2024年4月各地区住宅开发规模与开、竣工面积增长情况
2024年4月,西部地区,130008.92,5560.15,3931.87,2024年4月各地区住宅开发规模与开、竣工面积增长情况
2024年4月,内蒙古自治区,7841.45,282.23,140.38,2024年4月各地区住宅开发规模与开、竣工面积增长情况
2024年4月,广西壮族自治区,18039.22,567.58,677.01,2024年4月各地区住宅开发规模与开、竣工面积增长情况
2024年4月,重庆市,10802.62,438.59,432.36,2024年4月各地区住宅开发规模与开、竣工面积增长情况
2024年4月,四川省,26289.08,1358.59,1009.21,2024年4月各地区住宅开发规模与开、竣工面积增长情况
2024年4月,贵州省,14830.72,539.93,181.37,2024年4月各地区住宅开发规模与开、竣工面积增长情况
2024年4月,云南省,13594.69,499.01,491.94,2024年4月各地区住宅开发规模与开、竣工面积增长情况
2024年4月,西藏自治区,397.68,6.35,5.15,2024年4月各地区住宅开发规模与开、竣工面积增长情况
2024年4月,陕西省,17007.26,986.0,275.59,2024年4月各地区住宅开发规模与开、竣工面积增长情况
2024年4月,甘肃省,7353.99,308.71,113.58,2024年4月各地区住宅开发规模与开、竣工面积增长情况
2024年4月,青海省,1817.8,50.01,31.73,2024年4月各地区住宅开发规模与开、竣工面积增长情况
2024年4月,宁夏回族自治区,2566.07,157.63,111.6,2024年4月各地区住宅开发规模与开、竣工面积增长情况
2024年4月,新疆维吾尔自治区,9468.34,365.52,461.97,2024年4月各地区住宅开发规模与开、竣工面积增长情况
2024年5月,天津市,5027.43,331.81,256.95,2024年5月各地区住宅开发规模与开、竣工面积增长情况
2024年5月,河北省,21044.29,1550.93,319.89,2024年5月各地区住宅开发规模与开、竣工面积增长情况
2024年5月,辽宁省,12416.5,433.4,426.01,2024年5月各地区住宅开发规模与开、竣工面积增长情况
2024年5月,上海市,6700.42,531.8,351.36,2024年5月各地区住宅开发规模与开、竣工面积增长情况
2024年5月,江苏省,33757.17,2133.82,1960.92,2024年5月各地区住宅开发规模与开、竣工面积增长情况
2024年5月,浙江省,25446.18,1715.77,1843.67,2024年5月各地区住宅开发规模与开、竣工面积增长情况
2024年5月,福建省,14174.98,1003.94,835.04,2024年5月各地区住宅开发规模与开、竣工面积增长情况
2024年5月,山东省,43922.74,2252.92,1331.67,2024年5月各地区住宅开发规模与开、竣工面积增长情况
2024年5月,广东省,47733.38,1799.38,1879.23,2024年5月各地区住宅开发规模与开、竣工面积增长情况
2024年5月,海南省,5050.1,329.76,203.65,2024年5月各地区住宅开发规模与开、竣工面积增长情况
2024年5月,中部地区,122956.85,7419.69,4934.84,2024年5月各地区住宅开发规模与开、竣工面积增长情况
2024年5月,山西省,15917.46,702.11,368.16,2024年5月各地区住宅开发规模与开、竣工面积增长情况
2024年5月,吉林省,6634.53,340.78,95.61,2024年5月各地区住宅开发规模与开、竣工面积增长情况
2024年5月,黑龙江省,5493.23,250.79,107.9,2024年5月各地区住宅开发规模与开、竣工面积增长情况
2024年5月,安徽省,19626.68,1516.75,1076.19,2024年5月各地区住宅开发规模与开、竣工面积增长情况
2024年5月,江西省,14261.59,941.18,579.79,2024年5月各地区住宅开发规模与开、竣工面积增长情况
2024年5月,河南省,34707.93,2144.18,1268.2,2024年5月各地区住宅开发规模与开、竣工面积增长情况
2024年5月,湖北省,18529.76,1014.62,738.95,2024年5月各地区住宅开发规模与开、竣工面积增长情况
2024年5月,湖南省,19913.43,1100.85,903.56,2024年5月各地区住宅开发规模与开、竣工面积增长情况
2024年5月,西部地区,131701.45,7193.62,4479.64,2024年5月各地区住宅开发规模与开、竣工面积增长情况
2024年5月,内蒙古自治区,8037.15,474.84,189.49,2024年5月各地区住宅开发规模与开、竣工面积增长情况
2024年5月,广西壮族自治区,18076.04,619.11,732.7,2024年5月各地区住宅开发规模与开、竣工面积增长情况
2024年5月,重庆市,10867.64,528.69,523.44,2024年5月各地区住宅开发规模与开、竣工面积增长情况
2024年5月,四川省,26587.9,1704.96,1136.04,2024年5月各地区住宅开发规模与开、竣工面积增长情况
2024年5月,贵州省,14931.62,670.55,211.25,2024年5月各地区住宅开发规模与开、竣工面积增长情况
2024年5月,云南省,13691.2,652.84,553.9,2024年5月各地区住宅开发规模与开、竣工面积增长情况
2024年5月,西藏自治区,399.6,8.28,5.15,2024年5月各地区住宅开发规模与开、竣工面积增长情况
2024年5月,陕西省,17359.32,1237.58,333.16,2024年5月各地区住宅开发规模与开、竣工面积增长情况
2024年5月,甘肃省,7578.48,491.57,130.25,2024年5月各地区住宅开发规模与开、竣工面积增长情况
2024年5月,青海省,1822.99,53.18,37.19,2024年5月各地区住宅开发规模与开、竣工面积增长情况
2024年5月,宁夏回族自治区,2595.21,221.78,138.57,2024年5月各地区住宅开发规模与开、竣工面积增长情况
2024年5月,新疆维吾尔自治区,9754.29,530.24,488.51,2024年5月各地区住宅开发规模与开、竣工面积增长情况
2024年6月,天津市,5052.87,367.74,278.98,2024年6月各地区住宅开发规模与开、竣工面积增长情况
2024年6月,河北省,21337.78,1788.15,376.87,2024年6月各地区住宅开发规模与开、竣工面积增长情况
2024年6月,辽宁省,12485.57,506.24,513.61,2024年6月各地区住宅开发规模与开、竣工面积增长情况
2024年6月,上海市,6991.04,688.78,380.67,2024年6月各地区住宅开发规模与开、竣工面积增长情况
2024年6月,江苏省,33976.19,2370.08,2303.76,2024年6月各地区住宅开发规模与开、竣工面积增长情况
2024年6月,浙江省,26248.73,2040.23,2155.67,2024年6月各地区住宅开发规模与开、竣工面积增长情况
2024年6月,福建省,14191.18,1080.26,916.42,2024年6月各地区住宅开发规模与开、竣工面积增长情况
2024年6月,山东省,44173.96,2522.53,1540.32,2024年6月各地区住宅开发规模与开、竣工面积增长情况
2024年6月,广东省,48036.94,2040.12,2096.28,2024年6月各地区住宅开发规模与开、竣工面积增长情况
2024年6月,海南省,5101.84,399.8,247.59,2024年6月各地区住宅开发规模与开、竣工面积增长情况
2024年6月,中部地区,124035.04,8445.95,5516.24,2024年6月各地区住宅开发规模与开、竣工面积增长情况
2024年6月,山西省,16199.78,926.54,442.66,2024年6月各地区住宅开发规模与开、竣工面积增长情况
2024年6月,吉林省,6742.76,408.78,114.32,2024年6月各地区住宅开发规模与开、竣工面积增长情况
2024年6月,黑龙江省,5442.64,341.99,100.49,2024年6月各地区住宅开发规模与开、竣工面积增长情况
2024年6月,安徽省,19771.58,1671.85,1229.0,2024年6月各地区住宅开发规模与开、竣工面积增长情况
2024年6月,江西省,14378.8,1024.32,635.96,2024年6月各地区住宅开发规模与开、竣工面积增长情况
2024年6月,河南省,34925.46,2364.06,1420.9,2024年6月各地区住宅开发规模与开、竣工面积增长情况
2024年6月,湖北省,18720.14,1216.55,802.96,2024年6月各地区住宅开发规模与开、竣工面积增长情况
2024年6月,湖南省,20039.28,1242.63,984.76,2024年6月各地区住宅开发规模与开、竣工面积增长情况
2024年6月,西部地区,132302.79,8187.44,5031.55,2024年6月各地区住宅开发规模与开、竣工面积增长情况
2024年6月,内蒙古自治区,8087.63,558.03,235.26,2024年6月各地区住宅开发规模与开、竣工面积增长情况
2024年6月,广西壮族自治区,18111.44,696.56,765.02,2024年6月各地区住宅开发规模与开、竣工面积增长情况
2024年6月,重庆市,10897.96,581.77,583.48,2024年6月各地区住宅开发规模与开、竣工面积增长情况
2024年6月,四川省,26721.74,1917.01,1226.16,2024年6月各地区住宅开发规模与开、竣工面积增长情况
2024年6月,贵州省,14997.16,763.79,251.63,2024年6月各地区住宅开发规模与开、竣工面积增长情况
2024年6月,云南省,13668.54,696.2,656.38,2024年6月各地区住宅开发规模与开、竣工面积增长情况
2024年6月,西藏自治区,393.81,9.37,5.15,2024年6月各地区住宅开发规模与开、竣工面积增长情况
2024年6月,陕西省,17437.8,1380.5,410.46,2024年6月各地区住宅开发规模与开、竣工面积增长情况
2024年6月,甘肃省,7664.36,596.15,157.69,2024年6月各地区住宅开发规模与开、竣工面积增长情况
2024年6月,青海省,1823.13,64.45,39.62,2024年6月各地区住宅开发规模与开、竣工面积增长情况
2024年6月,宁夏回族自治区,2629.95,270.69,160.45,2024年6月各地区住宅开发规模与开、竣工面积增长情况
2024年6月,新疆维吾尔自治区,9869.25,652.92,540.26,2024年6月各地区住宅开发规模与开、竣工面积增长情况
2024年7月,天津市, , , ,2024年7月各地区住宅开发规模与开、竣工面积增长情况
2024年7月,河北省, , , ,2024年7月各地区住宅开发规模与开、竣工面积增长情况
2024年7月,辽宁省, , , ,2024年7月各地区住宅开发规模与开、竣工面积增长情况
2024年7月,上海市, , , ,2024年7月各地区住宅开发规模与开、竣工面积增长情况
2024年7月,江苏省, , , ,2024年7月各地区住宅开发规模与开、竣工面积增长情况
2024年7月,浙江省, , , ,2024年7月各地区住宅开发规模与开、竣工面积增长情况
2024年7月,福建省, , , ,2024年7月各地区住宅开发规模与开、竣工面积增长情况
2024年7月,山东省, , , ,2024年7月各地区住宅开发规模与开、竣工面积增长情况
2024年7月,广东省, , , ,2024年7月各地区住宅开发规模与开、竣工面积增长情况
2024年7月,海南省, , , ,2024年7月各地区住宅开发规模与开、竣工面积增长情况
2024年7月,中部地区, , , ,2024年7月各地区住宅开发规模与开、竣工面积增长情况
2024年7月,山西省, , , ,2024年7月各地区住宅开发规模与开、竣工面积增长情况
2024年7月,吉林省, , , ,2024年7月各地区住宅开发规模与开、竣工面积增长情况
2024年7月,黑龙江省, , , ,2024年7月各地区住宅开发规模与开、竣工面积增长情况
2024年7月,安徽省, , , ,2024年7月各地区住宅开发规模与开、竣工面积增长情况
2024年7月,江西省, , , ,2024年7月各地区住宅开发规模与开、竣工面积增长情况
2024年7月,河南省, , , ,2024年7月各地区住宅开发规模与开、竣工面积增长情况
2024年7月,湖北省, , , ,2024年7月各地区住宅开发规模与开、竣工面积增长情况
2024年7月,湖南省, , , ,2024年7月各地区住宅开发规模与开、竣工面积增长情况
2024年7月,西部地区, , , ,2024年7月各地区住宅开发规模与开、竣工面积增长情况
2024年7月,内蒙古自治区, , , ,2024年7月各地区住宅开发规模与开、竣工面积增长情况
2024年7月,广西壮族自治区, , , ,2024年7月各地区住宅开发规模与开、竣工面积增长情况
2024年7月,重庆市, , , ,2024年7月各地区住宅开发规模与开、竣工面积增长情况
2024年7月,四川省, , , ,2024年7月各地区住宅开发规模与开、竣工面积增长情况
2024年7月,贵州省, , , ,2024年7月各地区住宅开发规模与开、竣工面积增长情况
2024年7月,云南省, , , ,2024年7月各地区住宅开发规模与开、竣工面积增长情况
2024年7月,西藏自治区, , , ,2024年7月各地区住宅开发规模与开、竣工面积增长情况
2024年7月,陕西省, , , ,2024年7月各地区住宅开发规模与开、竣工面积增长情况
2024年7月,甘肃省, , , ,2024年7月各地区住宅开发规模与开、竣工面积增长情况
2024年7月,青海省, , , ,2024年7月各地区住宅开发规模与开、竣工面积增长情况
2024年7月,宁夏回族自治区, , , ,2024年7月各地区住宅开发规模与开、竣工面积增长情况
2024年7月,新疆维吾尔自治区, , , ,2024年7月各地区住宅开发规模与开、竣工面积增长情况
2024年8月,天津市,6796.17,397.05,612.61,2024年8月各地区住宅开发规模与开、竣工面积增长情况
2024年8月,河北省,23249.59,2477.67,592.65,2024年8月各地区住宅开发规模与开、竣工面积增长情况
2024年8月,辽宁省,15061.97,885.38,982.23,2024年8月各地区住宅开发规模与开、竣工面积增长情况
2024年8月,上海市,7251.02,811.81,659.94,2024年8月各地区住宅开发规模与开、竣工面积增长情况
2024年8月,江苏省,39477.17,3529.88,3443.72,2024年8月各地区住宅开发规模与开、竣工面积增长情况
2024年8月,浙江省,30878.52,2741.51,2588.14,2024年8月各地区住宅开发规模与开、竣工面积增长情况
2024年8月,福建省,17852.11,1729.65,1338.84,2024年8月各地区住宅开发规模与开、竣工面积增长情况
2024年8月,山东省,50389.93,4148.03,2536.11,2024年8月各地区住宅开发规模与开、竣工面积增长情况
2024年8月,广东省,53826.56,3133.22,2820.88,2024年8月各地区住宅开发规模与开、竣工面积增长情况
2024年8月,海南省,5664.24,474.07,190.08,2024年8月各地区住宅开发规模与开、竣工面积增长情况
2024年8月,中部地区,144988.15,13083.6,7484.12,2024年8月各地区住宅开发规模与开、竣工面积增长情况
2024年8月,山西省,17630.89,1319.12,568.12,2024年8月各地区住宅开发规模与开、竣工面积增长情况
2024年8月,吉林省,7235.44,433.7,193.14,2024年8月各地区住宅开发规模与开、竣工面积增长情况
2024年8月,黑龙江省,6419.17,403.14,373.71,2024年8月各地区住宅开发规模与开、竣工面积增长情况
2024年8月,安徽省,24929.17,2713.61,1783.28,2024年8月各地区住宅开发规模与开、竣工面积增长情况
2024年8月,江西省,16385.75,1679.66,752.75,2024年8月各地区住宅开发规模与开、竣工面积增长情况
2024年8月,河南省,39693.87,3508.29,1756.04,2024年8月各地区住宅开发规模与开、竣工面积增长情况
2024年8月,湖北省,22560.96,1757.43,1167.09,2024年8月各地区住宅开发规模与开、竣工面积增长情况
2024年8月,湖南省,23787.52,2105.49,1456.85,2024年8月各地区住宅开发规模与开、竣工面积增长情况
2024年8月,西部地区,152725.9,11955.17,7585.62,2024年8月各地区住宅开发规模与开、竣工面积增长情况
2024年8月,内蒙古自治区,9811.12,761.04,272.17,2024年8月各地区住宅开发规模与开、竣工面积增长情况
2024年8月,广西壮族自治区,21107.48,899.01,1283.83,2024年8月各地区住宅开发规模与开、竣工面积增长情况
2024年8月,重庆市,13350.23,1013.67,1487.37,2024年8月各地区住宅开发规模与开、竣工面积增长情况
2024年8月,四川省,30626.25,2679.98,1553.73,2024年8月各地区住宅开发规模与开、竣工面积增长情况
2024年8月,贵州省,16825.29,874.31,341.89,2024年8月各地区住宅开发规模与开、竣工面积增长情况
2024年8月,云南省,16652.97,1128.12,900.95,2024年8月各地区住宅开发规模与开、竣工面积增长情况
2024年8月,西藏自治区,460.8,26.18,24.19,2024年8月各地区住宅开发规模与开、竣工面积增长情况
2024年8月,陕西省,19620.05,2304.9,741.51,2024年8月各地区住宅开发规模与开、竣工面积增长情况
2024年8月,甘肃省,8499.05,865.32,246.5,2024年8月各地区住宅开发规模与开、竣工面积增长情况
2024年8月,青海省,2208.24,152.97,66.04,2024年8月各地区住宅开发规模与开、竣工面积增长情况
2024年8月,宁夏回族自治区,3218.13,407.1,219.07,2024年8月各地区住宅开发规模与开、竣工面积增长情况
2024年8月,新疆维吾尔自治区,10346.31,842.57,448.37,2024年8月各地区住宅开发规模与开、竣工面积增长情况
