时间,指标,本月,比上年同月增长(%),累计,比上年同期增长(%),Group
2023年10月,货运量合计(亿吨),48.81,13.6,499.91,8.2,2023年10月全社会客货运输量
2023年10月,  　铁路(亿吨),4.28,3.8,45.71,1.3,2023年10月全社会客货运输量
2023年10月,  　公路(亿吨),36.08,15.5,369.03,8.9,2023年10月全社会客货运输量
2023年10月,  　水运(亿吨),8.45,11.2,85.10,9.0,2023年10月全社会客货运输量
2023年10月,  　民航(万吨),71.92,53.0,660.97,18.1,2023年10月全社会客货运输量
2023年10月,货物周转量合计(亿吨公里),21040.52,6.1,218902.35,6.4,2023年10月全社会客货运输量
2023年10月,  　铁路(亿吨公里),3169.93,2.5,33281.82,1.6,2023年10月全社会客货运输量
2023年10月,  　公路(亿吨公里),6563.67,9.6,67756.15,7.3,2023年10月全社会客货运输量
2023年10月,  　水运(亿吨公里),11279.38,5.1,117609.92,7.3,2023年10月全社会客货运输量
2023年10月,  　民航(亿吨公里),27.54,35.0,254.47,8.5,2023年10月全社会客货运输量
2023年10月,客运量合计(亿人),7.45,122.5,85.64,63.9,2023年10月全社会客货运输量
2023年10月,  　铁路(亿人),2.80,279.3,35.65,126.5,2023年10月全社会客货运输量
2023年10月,  　公路(亿人),4.00,65.5,41.86,26.5,2023年10月全社会客货运输量
2023年10月,  　水运(亿人),0.17,135.3,2.45,121.4,2023年10月全社会客货运输量
2023年10月,  　民航(亿人),0.49,289.8,5.69,144.1,2023年10月全社会客货运输量
2023年10月,旅客周转量合计(亿人公里),2099.61,228.3,26466.59,119.6,2023年10月全社会客货运输量
2023年10月,  　铁路(亿人公里),957.56,245.4,13770.90,122.9,2023年10月全社会客货运输量
2023年10月,  　公路(亿人公里),306.17,90.9,3229.94,43.6,2023年10月全社会客货运输量
2023年10月,  　水运(亿人公里),3.72,178.1,51.04,137.5,2023年10月全社会客货运输量
2023年10月,  　民航(亿人公里),832.16,314.7,9414.71,161.1,2023年10月全社会客货运输量
2023年10月,沿海规模以上港口货物吞吐量(亿吨), , , , ,2023年10月全社会客货运输量
2023年10月,  　其中：外贸货物吞吐量(亿吨), , , , ,2023年10月全社会客货运输量
2023年11月,货运量合计(亿吨),47.27,8.3,547.18,8.2,2023年11月全社会客货运输量
2023年11月,  　铁路(亿吨),4.36,3.7,50.07,1.5,2023年11月全社会客货运输量
2023年11月,  　公路(亿吨),34.34,7.5,403.37,8.7,2023年11月全社会客货运输量
2023年11月,  　水运(亿吨),8.57,14.5,93.67,9.5,2023年11月全社会客货运输量
2023年11月,  　民航(万吨),74.37,55.5,735.43,21.0,2023年11月全社会客货运输量
2023年11月,货物周转量合计(亿吨公里),21720.44,5.7,240622.91,6.3,2023年11月全社会客货运输量
2023年11月,  　铁路(亿吨公里),3155.74,0.7,36437.56,1.5,2023年11月全社会客货运输量
2023年11月,  　公路(亿吨公里),6194.06,2.6,73950.21,6.9,2023年11月全社会客货运输量
2023年11月,  　水运(亿吨公里),12341.60,8.6,129951.52,7.4,2023年11月全社会客货运输量
2023年11月,  　民航(亿吨公里),29.04,47.9,283.62,11.6,2023年11月全社会客货运输量
2023年11月,客运量合计(亿人),7.40,104.8,93.04,66.5,2023年11月全社会客货运输量
2023年11月,  　铁路(亿人),2.90,192.4,38.54,130.4,2023年11月全社会客货运输量
2023年11月,  　公路(亿人),3.86,62.6,45.73,28.9,2023年11月全社会客货运输量
2023年11月,  　水运(亿人),0.13,125.5,2.58,121.6,2023年11月全社会客货运输量
2023年11月,  　民航(亿人),0.51,170.3,6.20,146.1,2023年11月全社会客货运输量
2023年11月,旅客周转量合计(亿人公里),2137.96,146.2,28609.53,121.4,2023年11月全社会客货运输量
2023年11月,  　铁路(亿人公里),958.46,139.4,14729.36,123.9,2023年11月全社会客货运输量
2023年11月,  　公路(亿人公里),287.64,81.0,3517.58,46.1,2023年11月全社会客货运输量
2023年11月,  　水运(亿人公里),2.73,144.8,53.77,137.9,2023年11月全社会客货运输量
2023年11月,  　民航(亿人公里),889.14,188.7,10308.83,163.4,2023年11月全社会客货运输量
2023年11月,沿海规模以上港口货物吞吐量(亿吨), , , , ,2023年11月全社会客货运输量
2023年11月,  　其中：外贸货物吞吐量(亿吨), , , , ,2023年11月全社会客货运输量
2023年12月,货运量合计(亿吨), , , , ,2023年12月全社会客货运输量
2023年12月,  　铁路(亿吨), , , , ,2023年12月全社会客货运输量
2023年12月,  　公路(亿吨), , , , ,2023年12月全社会客货运输量
2023年12月,  　水运(亿吨), , , , ,2023年12月全社会客货运输量
2023年12月,  　民航(万吨), , , , ,2023年12月全社会客货运输量
2023年12月,货物周转量合计(亿吨公里), , , , ,2023年12月全社会客货运输量
2023年12月,  　铁路(亿吨公里), , , , ,2023年12月全社会客货运输量
2023年12月,  　公路(亿吨公里), , , , ,2023年12月全社会客货运输量
2023年12月,  　水运(亿吨公里), , , , ,2023年12月全社会客货运输量
2023年12月,  　民航(亿吨公里), , , , ,2023年12月全社会客货运输量
2023年12月,客运量合计(亿人), , , , ,2023年12月全社会客货运输量
2023年12月,  　铁路(亿人), , , , ,2023年12月全社会客货运输量
2023年12月,  　公路(亿人), , , , ,2023年12月全社会客货运输量
2023年12月,  　水运(亿人), , , , ,2023年12月全社会客货运输量
2023年12月,  　民航(亿人), , , , ,2023年12月全社会客货运输量
2023年12月,旅客周转量合计(亿人公里), , , , ,2023年12月全社会客货运输量
2023年12月,  　铁路(亿人公里), , , , ,2023年12月全社会客货运输量
2023年12月,  　公路(亿人公里), , , , ,2023年12月全社会客货运输量
2023年12月,  　水运(亿人公里), , , , ,2023年12月全社会客货运输量
2023年12月,  　民航(亿人公里), , , , ,2023年12月全社会客货运输量
2023年12月,沿海规模以上港口货物吞吐量(亿吨), , , , ,2023年12月全社会客货运输量
2023年12月,  　其中：外贸货物吞吐量(亿吨), , , , ,2023年12月全社会客货运输量
2023年8月,货运量合计(亿吨),47.98,8.3,354.37,7.1,2023年8月全社会客货运输量
2023年8月,  　铁路(亿吨),4.11,1.0,32.94,0.6,2023年8月全社会客货运输量
2023年8月,  　公路(亿吨),35.75,8.7,261.20,7.7,2023年8月全社会客货运输量
2023年8月,  　水运(亿吨),8.12,10.9,60.20,8.0,2023年8月全社会客货运输量
2023年8月,  　民航(万吨),63.64,26.6,451.36,9.6,2023年8月全社会客货运输量
2023年8月,货物周转量合计(亿吨公里),20797.20,7.6,156275.39,6.6,2023年8月全社会客货运输量
2023年8月,  　铁路(亿吨公里),2981.13,1.1,23925.60,1.8,2023年8月全社会客货运输量
2023年8月,  　公路(亿吨公里),6525.79,8.2,47879.06,6.8,2023年8月全社会客货运输量
2023年8月,  　水运(亿吨公里),11265.68,9.1,84295.99,7.9,2023年8月全社会客货运输量
2023年8月,  　民航(亿吨公里),24.59,25.3,174.75,1.6,2023年8月全社会客货运输量
2023年8月,客运量合计(亿人),9.45,57.7,61.70,55.1,2023年8月全社会客货运输量
2023年8月,  　铁路(亿人),4.29,94.6,26.08,111.4,2023年8月全社会客货运输量
2023年8月,  　公路(亿人),4.16,26.6,29.68,19.7,2023年8月全社会客货运输量
2023年8月,  　水运(亿人),0.36,103.0,1.84,123.3,2023年8月全社会客货运输量
2023年8月,  　民航(亿人),0.64,98.0,4.10,122.4,2023年8月全社会客货运输量
2023年8月,旅客周转量合计(亿人公里),3165.77,92.3,19340.17,104.7,2023年8月全社会客货运输量
2023年8月,  　铁路(亿人公里),1753.62,91.2,10299.19,110.8,2023年8月全社会客货运输量
2023年8月,  　公路(亿人公里),330.52,39.6,2283.12,35.6,2023年8月全社会客货运输量
2023年8月,  　水运(亿人公里),7.44,106.0,37.70,130.0,2023年8月全社会客货运输量
2023年8月,  　民航(亿人公里),1074.19,119.8,6720.16,134.7,2023年8月全社会客货运输量
2023年8月,沿海规模以上港口货物吞吐量(亿吨), , , , ,2023年8月全社会客货运输量
2023年8月,  　其中：外贸货物吞吐量(亿吨), , , , ,2023年8月全社会客货运输量
2023年9月,货运量合计(亿吨),48.27,11.7,451.10,7.6,2023年9月全社会客货运输量
2023年9月,  　铁路(亿吨),4.37,5.1,41.43,1.0,2023年9月全社会客货运输量
2023年9月,  　公路(亿吨),35.52,12.7,332.96,8.2,2023年9月全社会客货运输量
2023年9月,  　水运(亿吨),8.37,11.1,76.65,8.8,2023年9月全社会客货运输量
2023年9月,  　民航(万吨),67.47,37.7,589.05,14.9,2023年9月全社会客货运输量
2023年9月,货物周转量合计(亿吨公里),20987.86,4.4,197861.83,6.4,2023年9月全社会客货运输量
2023年9月,  　铁路(亿吨公里),3189.66,1.8,30111.88,1.4,2023年9月全社会客货运输量
2023年9月,  　公路(亿吨公里),6588.84,9.4,61192.49,7.1,2023年9月全社会客货运输量
2023年9月,  　水运(亿吨公里),11182.95,2.4,106330.54,7.5,2023年9月全社会客货运输量
2023年9月,  　民航(亿吨公里),26.41,25.1,226.92,6.0,2023年9月全社会客货运输量
2023年9月,客运量合计(亿人),8.52,99.1,78.20,59.9,2023年9月全社会客货运输量
2023年9月,  　铁路(亿人),3.52,195.6,32.85,119.0,2023年9月全社会客货运输量
2023年9月,  　公路(亿人),4.19,48.8,37.87,23.5,2023年9月全社会客货运输量
2023年9月,  　水运(亿人),0.25,117.3,2.28,120.5,2023年9月全社会客货运输量
2023年9月,  　民航(亿人),0.56,252.0,5.20,135.8,2023年9月全社会客货运输量
2023年9月,旅客周转量合计(亿人公里),2547.06,193.4,24366.98,113.5,2023年9月全社会客货运输量
2023年9月,  　铁路(亿人公里),1267.92,190.6,12813.34,117.2,2023年9月全社会客货运输量
2023年9月,  　公路(亿人公里),326.98,73.3,2923.77,40.0,2023年9月全社会客货运输量
2023年9月,  　水运(亿人公里),5.24,154.7,47.32,134.8,2023年9月全社会客货运输量
2023年9月,  　民航(亿人公里),946.93,293.1,8582.55,152.0,2023年9月全社会客货运输量
2023年9月,沿海规模以上港口货物吞吐量(亿吨), , , , ,2023年9月全社会客货运输量
2023年9月,  　其中：外贸货物吞吐量(亿吨), , , , ,2023年9月全社会客货运输量
2024年1月,货运量合计(亿吨), , ,76.61,7.4,2024年1月全社会客货运输量
2024年1月,  　铁路(亿吨), , ,8.06,0.6,2024年1月全社会客货运输量
2024年1月,  　公路(亿吨), , ,54.54,7.8,2024年1月全社会客货运输量
2024年1月,  　水运(亿吨), , ,13.99,10.2,2024年1月全社会客货运输量
2024年1月,  　民航(万吨), , ,129.92,38.0,2024年1月全社会客货运输量
2024年1月,货物周转量合计(亿吨公里), , ,36114.95,4.9,2024年1月全社会客货运输量
2024年1月,  　铁路(亿吨公里), , ,5687.62,-3.7,2024年1月全社会客货运输量
2024年1月,  　公路(亿吨公里), , ,9925.51,4.2,2024年1月全社会客货运输量
2024年1月,  　水运(亿吨公里), , ,20451.20,7.8,2024年1月全社会客货运输量
2024年1月,  　民航(亿吨公里), , ,50.62,38.7,2024年1月全社会客货运输量
2024年1月,客运量合计(亿人), , ,27.18,27.4,2024年1月全社会客货运输量
2024年1月,  　铁路(亿人), , ,6.93,36.2,2024年1月全社会客货运输量
2024年1月,  　公路(亿人), , ,18.66,23.7,2024年1月全社会客货运输量
2024年1月,  　水运(亿人), , ,0.39,18.5,2024年1月全社会客货运输量
2024年1月,  　民航(亿人), , ,1.20,44.4,2024年1月全社会客货运输量
2024年1月,旅客周转量合计(亿人公里), , ,5714.47,39.8,2024年1月全社会客货运输量
2024年1月,  　铁路(亿人公里), , ,2814.75,31.6,2024年1月全社会客货运输量
2024年1月,  　公路(亿人公里), , ,782.38,28.1,2024年1月全社会客货运输量
2024年1月,  　水运(亿人公里), , ,7.67,25.4,2024年1月全社会客货运输量
2024年1月,  　民航(亿人公里), , ,2109.66,57.6,2024年1月全社会客货运输量
2024年1月,沿海规模以上港口货物吞吐量(亿吨), , , , ,2024年1月全社会客货运输量
2024年1月,  　其中：外贸货物吞吐量(亿吨), , , , ,2024年1月全社会客货运输量
2024年2月,货运量合计(亿吨),47.90,1.4,124.51,5.0,2024年2月全社会客货运输量
2024年2月,  　铁路(亿吨),4.35,-1.5,12.41,-0.1,2024年2月全社会客货运输量
2024年2月,  　公路(亿吨),35.53,1.2,90.07,5.1,2024年2月全社会客货运输量
2024年2月,  　水运(亿吨),8.02,4.2,22.01,7.9,2024年2月全社会客货运输量
2024年2月,  　民航(万吨),70.83,28.2,200.74,34.4,2024年2月全社会客货运输量
2024年2月,货物周转量合计(亿吨公里),21322.70,5.5,57437.64,5.1,2024年2月全社会客货运输量
2024年2月,  　铁路(亿吨公里),3039.45,-6.5,8727.07,-4.7,2024年2月全社会客货运输量
2024年2月,  　公路(亿吨公里),6557.54,2.5,16483.05,3.6,2024年2月全社会客货运输量
2024年2月,  　水运(亿吨公里),11697.69,10.9,32148.90,8.9,2024年2月全社会客货运输量
2024年2月,  　民航(亿吨公里),28.02,29.1,78.63,35.1,2024年2月全社会客货运输量
2024年2月,客运量合计(亿人),13.60,8.8,40.78,20.5,2024年2月全社会客货运输量
2024年2月,  　铁路(亿人),3.21,14.6,10.14,28.5,2024年2月全社会客货运输量
2024年2月,  　公路(亿人),9.64,6.5,28.30,17.2,2024年2月全社会客货运输量
2024年2月,  　水运(亿人),0.18,-4.8,0.56,10.1,2024年2月全社会客货运输量
2024年2月,  　民航(亿人),0.57,25.7,1.77,37.7,2024年2月全社会客货运输量
2024年2月,旅客周转量合计(亿人公里),2547.17,18.6,8261.63,32.5,2024年2月全社会客货运输量
2024年2月,  　铁路(亿人公里),1136.21,8.9,3950.97,24.2,2024年2月全社会客货运输量
2024年2月,  　公路(亿人公里),407.40,8.9,1189.78,20.8,2024年2月全社会客货运输量
2024年2月,  　水运(亿人公里),3.76,1.4,11.44,16.4,2024年2月全社会客货运输量
2024年2月,  　民航(亿人公里),999.79,36.7,3109.45,50.2,2024年2月全社会客货运输量
2024年2月,沿海规模以上港口货物吞吐量(亿吨), , , , ,2024年2月全社会客货运输量
2024年2月,  　其中：外贸货物吞吐量(亿吨), , , , ,2024年2月全社会客货运输量
2024年3月,货运量合计(亿吨),48.24,3.6,172.74,4.6,2024年3月全社会客货运输量
2024年3月,  　铁路(亿吨),4.08,-0.7,16.48,-0.3,2024年3月全社会客货运输量
2024年3月,  　公路(亿吨),35.97,3.8,126.03,4.7,2024年3月全社会客货运输量
2024年3月,  　水运(亿吨),8.19,4.9,30.20,7.1,2024年3月全社会客货运输量
2024年3月,  　民航(万吨),68.44,25.3,269.18,31.9,2024年3月全社会客货运输量
2024年3月,货物周转量合计(亿吨公里),20780.51,3.2,78218.15,4.6,2024年3月全社会客货运输量
2024年3月,  　铁路(亿吨公里),2785.95,-6.2,11513.02,-5.1,2024年3月全社会客货运输量
2024年3月,  　公路(亿吨公里),6696.69,5.3,23179.74,4.1,2024年3月全社会客货运输量
2024年3月,  　水运(亿吨公里),11270.68,4.5,43419.58,7.7,2024年3月全社会客货运输量
2024年3月,  　民航(亿吨公里),27.18,26.2,105.81,32.7,2024年3月全社会客货运输量
2024年3月,客运量合计(亿人),14.33,7.1,55.12,16.7,2024年3月全社会客货运输量
2024年3月,  　铁路(亿人),3.60,9.6,13.74,22.9,2024年3月全社会客货运输量
2024年3月,  　公路(亿人),9.95,6.1,38.25,14.1,2024年3月全社会客货运输量
2024年3月,  　水运(亿人),0.22,3.1,0.79,8.0,2024年3月全社会客货运输量
2024年3月,  　民航(亿人),0.56,10.6,2.33,30.1,2024年3月全社会客货运输量
2024年3月,旅客周转量合计(亿人公里),2699.09,10.6,10960.73,26.3,2024年3月全社会客货运输量
2024年3月,  　铁路(亿人公里),1283.65,4.9,5234.62,18.8,2024年3月全社会客货运输量
2024年3月,  　公路(亿人公里),432.08,7.3,1621.86,16.9,2024年3月全社会客货运输量
2024年3月,  　水运(亿人公里),4.76,4.7,16.20,12.7,2024年3月全社会客货运输量
2024年3月,  　民航(亿人公里),978.59,20.2,4088.05,41.8,2024年3月全社会客货运输量
2024年3月,沿海规模以上港口货物吞吐量(亿吨), , , , ,2024年3月全社会客货运输量
2024年3月,  　其中：外贸货物吞吐量(亿吨), , , , ,2024年3月全社会客货运输量
2024年4月,货运量合计(亿吨),49.01,4.1,221.75,4.5,2024年4月全社会客货运输量
2024年4月,  　铁路(亿吨),4.37,4.7,20.85,0.7,2024年4月全社会客货运输量
2024年4月,  　公路(亿吨),36.20,3.5,162.23,4.4,2024年4月全社会客货运输量
2024年4月,  　水运(亿吨),8.44,6.5,38.63,7.0,2024年4月全社会客货运输量
2024年4月,  　民航(万吨),73.48,24.4,342.66,30.3,2024年4月全社会客货运输量
2024年4月,货物周转量合计(亿吨公里),21458.14,3.7,99676.30,4.4,2024年4月全社会客货运输量
2024年4月,  　铁路(亿吨公里),3013.68,0.2,14526.70,-4.0,2024年4月全社会客货运输量
2024年4月,  　公路(亿吨公里),6627.61,4.0,29807.35,4.0,2024年4月全社会客货运输量
2024年4月,  　水运(亿吨公里),11787.85,4.4,55207.43,7.0,2024年4月全社会客货运输量
2024年4月,  　民航(亿吨公里),29.01,25.6,134.82,31.1,2024年4月全社会客货运输量
2024年4月,客运量合计(亿人),14.56,7.8,69.68,14.7,2024年4月全社会客货运输量
2024年4月,  　铁路(亿人),3.61,10.8,17.35,20.2,2024年4月全社会客货运输量
2024年4月,  　公路(亿人),10.11,6.5,48.37,12.4,2024年4月全社会客货运输量
2024年4月,  　水运(亿人),0.25,2.7,1.04,6.7,2024年4月全社会客货运输量
2024年4月,  　民航(亿人),0.59,13.9,2.92,26.5,2024年4月全社会客货运输量
2024年4月,旅客周转量合计(亿人公里),2745.37,12.1,13706.11,23.2,2024年4月全社会客货运输量
2024年4月,  　铁路(亿人公里),1276.19,6.2,6510.82,16.1,2024年4月全社会客货运输量
2024年4月,  　公路(亿人公里),445.06,8.2,2066.92,14.9,2024年4月全社会客货运输量
2024年4月,  　水运(亿人公里),5.00,-1.6,21.20,8.9,2024年4月全社会客货运输量
2024年4月,  　民航(亿人公里),1019.12,22.0,5107.16,37.3,2024年4月全社会客货运输量
2024年4月,沿海规模以上港口货物吞吐量(亿吨), , , , ,2024年4月全社会客货运输量
2024年4月,  　其中：外贸货物吞吐量(亿吨), , , , ,2024年4月全社会客货运输量
2024年5月,货运量合计(亿吨),48.11,2.8,269.86,4.2,2024年5月全社会客货运输量
2024年5月,  　铁路(亿吨),4.28,7.5,25.13,1.8,2024年5月全社会客货运输量
2024年5月,  　公路(亿吨),35.50,2.2,197.73,4.0,2024年5月全社会客货运输量
2024年5月,  　水运(亿吨),8.33,3.2,46.96,6.3,2024年5月全社会客货运输量
2024年5月,  　民航(万吨),74.72,15.5,417.38,27.4,2024年5月全社会客货运输量
2024年5月,货物周转量合计(亿吨公里),20906.12,5.4,120582.41,4.6,2024年5月全社会客货运输量
2024年5月,  　铁路(亿吨公里),2944.40,4.2,17471.10,-2.7,2024年5月全社会客货运输量
2024年5月,  　公路(亿吨公里),6567.34,3.7,36374.69,4.0,2024年5月全社会客货运输量
2024年5月,  　水运(亿吨公里),11364.93,6.6,66572.36,6.9,2024年5月全社会客货运输量
2024年5月,  　民航(亿吨公里),29.44,23.9,164.27,29.7,2024年5月全社会客货运输量
2024年5月,客运量合计(亿人),14.26,6.8,83.94,13.3,2024年5月全社会客货运输量
2024年5月,  　铁路(亿人),3.60,10.2,20.96,18.4,2024年5月全社会客货运输量
2024年5月,  　公路(亿人),9.87,5.5,58.24,11.2,2024年5月全社会客货运输量
2024年5月,  　水运(亿人),0.20,-1.6,1.24,5.2,2024年5月全社会客货运输量
2024年5月,  　民航(亿人),0.59,10.5,3.51,23.5,2024年5月全社会客货运输量
2024年5月,旅客周转量合计(亿人公里),2742.89,9.8,16448.99,20.8,2024年5月全社会客货运输量
2024年5月,  　铁路(亿人公里),1268.70,5.0,7779.52,14.1,2024年5月全社会客货运输量
2024年5月,  　公路(亿人公里),433.61,5.9,2500.53,13.2,2024年5月全社会客货运输量
2024年5月,  　水运(亿人公里),4.21,-1.8,25.42,7.0,2024年5月全社会客货运输量
2024年5月,  　民航(亿人公里),1036.36,17.9,6143.52,33.6,2024年5月全社会客货运输量
2024年5月,沿海规模以上港口货物吞吐量(亿吨), , , , ,2024年5月全社会客货运输量
2024年5月,  　其中：外贸货物吞吐量(亿吨), , , , ,2024年5月全社会客货运输量
2024年6月,货运量合计(亿吨),48.07,1.4,317.92,3.8,2024年6月全社会客货运输量
2024年6月,  　铁路(亿吨),4.32,4.2,29.45,2.2,2024年6月全社会客货运输量
2024年6月,  　公路(亿吨),35.82,1.3,233.54,3.6,2024年6月全社会客货运输量
2024年6月,  　水运(亿吨),7.92,0.3,54.88,5.4,2024年6月全社会客货运输量
2024年6月,  　民航(万吨),75.18,25.1,492.58,27.0,2024年6月全社会客货运输量
2024年6月,货物周转量合计(亿吨公里),21478.28,6.6,142060.70,4.9,2024年6月全社会客货运输量
2024年6月,  　铁路(亿吨公里),2857.21,-4.2,20328.31,-2.9,2024年6月全社会客货运输量
2024年6月,  　公路(亿吨公里),6520.26,2.3,42894.95,3.7,2024年6月全社会客货运输量
2024年6月,  　水运(亿吨公里),12070.23,12.0,78642.59,7.7,2024年6月全社会客货运输量
2024年6月,  　民航(亿吨公里),30.58,29.4,194.85,29.7,2024年6月全社会客货运输量
2024年6月,客运量合计(亿人),15.19,4.1,99.13,11.8,2024年6月全社会客货运输量
2024年6月,  　铁路(亿人),4.27,4.3,25.22,15.7,2024年6月全社会客货运输量
2024年6月,  　公路(亿人),9.96,4.0,68.20,10.1,2024年6月全社会客货运输量
2024年6月,  　水运(亿人),0.27,-9.8,1.51,2.1,2024年6月全社会客货运输量
2024年6月,  　民航(亿人),0.69,10.8,4.20,21.2,2024年6月全社会客货运输量
2024年6月,旅客周转量合计(亿人公里),3366.12,4.6,19815.42,17.7,2024年6月全社会客货运输量
2024年6月,  　铁路(亿人公里),1675.02,-3.2,9454.53,10.6,2024年6月全社会客货运输量
2024年6月,  　公路(亿人公里),451.21,3.9,2951.75,11.7,2024年6月全社会客货运输量
2024年6月,  　水运(亿人公里),5.84,-10.3,31.25,3.3,2024年6月全社会客货运输量
2024年6月,  　民航(亿人公里),1234.05,17.2,7377.89,30.6,2024年6月全社会客货运输量
2024年6月,沿海规模以上港口货物吞吐量(亿吨), , , , ,2024年6月全社会客货运输量
2024年6月,  　其中：外贸货物吞吐量(亿吨), , , , ,2024年6月全社会客货运输量
2024年7月,货运量合计(亿吨), , , , ,2024年7月全社会客货运输量
2024年7月,  　铁路(亿吨), , , , ,2024年7月全社会客货运输量
2024年7月,  　公路(亿吨), , , , ,2024年7月全社会客货运输量
2024年7月,  　水运(亿吨), , , , ,2024年7月全社会客货运输量
2024年7月,  　民航(万吨), , , , ,2024年7月全社会客货运输量
2024年7月,货物周转量合计(亿吨公里), , , , ,2024年7月全社会客货运输量
2024年7月,  　铁路(亿吨公里), , , , ,2024年7月全社会客货运输量
2024年7月,  　公路(亿吨公里), , , , ,2024年7月全社会客货运输量
2024年7月,  　水运(亿吨公里), , , , ,2024年7月全社会客货运输量
2024年7月,  　民航(亿吨公里), , , , ,2024年7月全社会客货运输量
2024年7月,客运量合计(亿人), , , , ,2024年7月全社会客货运输量
2024年7月,  　铁路(亿人), , , , ,2024年7月全社会客货运输量
2024年7月,  　公路(亿人), , , , ,2024年7月全社会客货运输量
2024年7月,  　水运(亿人), , , , ,2024年7月全社会客货运输量
2024年7月,  　民航(亿人), , , , ,2024年7月全社会客货运输量
2024年7月,旅客周转量合计(亿人公里), , , , ,2024年7月全社会客货运输量
2024年7月,  　铁路(亿人公里), , , , ,2024年7月全社会客货运输量
2024年7月,  　公路(亿人公里), , , , ,2024年7月全社会客货运输量
2024年7月,  　水运(亿人公里), , , , ,2024年7月全社会客货运输量
2024年7月,  　民航(亿人公里), , , , ,2024年7月全社会客货运输量
2024年7月,沿海规模以上港口货物吞吐量(亿吨), , , , ,2024年7月全社会客货运输量
2024年7月,  　其中：外贸货物吞吐量(亿吨), , , , ,2024年7月全社会客货运输量
2024年8月,货运量合计(亿吨),47.98,8.3,354.37,7.1,2024年8月全社会客货运输量
2024年8月,  　铁路(亿吨),4.11,1.0,32.94,0.6,2024年8月全社会客货运输量
2024年8月,  　公路(亿吨),35.75,8.7,261.20,7.7,2024年8月全社会客货运输量
2024年8月,  　水运(亿吨),8.12,10.9,60.20,8.0,2024年8月全社会客货运输量
2024年8月,  　民航(万吨),63.64,26.6,451.36,9.6,2024年8月全社会客货运输量
2024年8月,货物周转量合计(亿吨公里),20797.20,7.6,156275.39,6.6,2024年8月全社会客货运输量
2024年8月,  　铁路(亿吨公里),2981.13,1.1,23925.60,1.8,2024年8月全社会客货运输量
2024年8月,  　公路(亿吨公里),6525.79,8.2,47879.06,6.8,2024年8月全社会客货运输量
2024年8月,  　水运(亿吨公里),11265.68,9.1,84295.99,7.9,2024年8月全社会客货运输量
2024年8月,  　民航(亿吨公里),24.59,25.3,174.75,1.6,2024年8月全社会客货运输量
2024年8月,客运量合计(亿人),9.45,57.7,61.70,55.1,2024年8月全社会客货运输量
2024年8月,  　铁路(亿人),4.29,94.6,26.08,111.4,2024年8月全社会客货运输量
2024年8月,  　公路(亿人),4.16,26.6,29.68,19.7,2024年8月全社会客货运输量
2024年8月,  　水运(亿人),0.36,103.0,1.84,123.3,2024年8月全社会客货运输量
2024年8月,  　民航(亿人),0.64,98.0,4.10,122.4,2024年8月全社会客货运输量
2024年8月,旅客周转量合计(亿人公里),3165.77,92.3,19340.17,104.7,2024年8月全社会客货运输量
2024年8月,  　铁路(亿人公里),1753.62,91.2,10299.19,110.8,2024年8月全社会客货运输量
2024年8月,  　公路(亿人公里),330.52,39.6,2283.12,35.6,2024年8月全社会客货运输量
2024年8月,  　水运(亿人公里),7.44,106.0,37.70,130.0,2024年8月全社会客货运输量
2024年8月,  　民航(亿人公里),1074.19,119.8,6720.16,134.7,2024年8月全社会客货运输量
2024年8月,沿海规模以上港口货物吞吐量(亿吨), , , , ,2024年8月全社会客货运输量
2024年8月,  　其中：外贸货物吞吐量(亿吨), , , , ,2024年8月全社会客货运输量
