类别,品名,别名,CAS号,UN号 ,危险货物编号 ,违禁措施 ,其他
爆炸品,迭氮(化)钡［干的或含水＜50%］,,18810-58-7,224,11018,全市禁止部分,
爆炸品,迭氮(化)铅［含水或水加乙醇≥20%］,,13424-46-9,129,11019,全市禁止部分,
爆炸品,重氮甲烷,,334-88-3,,11020,全市禁止部分,
爆炸品,二硝基重氮酚［含水或水加乙醇≥40%］,重氮二硝基苯酚,87-31-0,74,11021,全市禁止部分,
爆炸品,三硝基间苯二酚铅［含水或水加乙醇≥20%］,收敛酸铅,63918-97-8,130,11022,全市禁止部分,
爆炸品,脒基亚硝氨基脒基叉肼［含水≥30%］,,,113,11023,全市禁止部分,
爆炸品,脒基亚硝氨基脒基四氮烯［含水或水加乙醇≥30%］,四氮烯；特屈拉辛,109-27-3,114,11024,全市禁止部分,
爆炸品,雷(酸)汞［含水或水加乙醇≥20%］,,628-86-4,135,11025,全市禁止部分,
爆炸品,硝基胍［干的或含水＜20%］,橄苦岩,556-88-7,282,11027,全市禁止部分,
爆炸品,硝基脲,,556-89-8,147,11028,全市禁止部分,
爆炸品,硝酸脲［干的或含水＜20%］,,124-47-0,220,11029,全市禁止部分,
爆炸品,硝酸重氮苯,,,,11030,全市禁止部分,
爆炸品,硝化淀粉［干的或含水＜20%］,,9056-38-6,146,11031,全市禁止部分,
爆炸品,"2,4,6-三硝基甲苯［干的或含水＜30%］",梯恩梯(TNT),118-96-7,209,11035,全市禁止部分,
爆炸品,"2,4,6-三硝基甲苯与铝混合物",特里托纳尔,,390,11036,全市禁止部分,
爆炸品,三硝基甲苯与三硝基苯混合物,,,388,11037,全市禁止部分,
爆炸品,"三硝基甲苯与六硝基-1,2-二苯乙烯混合物",三硝基甲苯与六硝基芪混合物,,388,11037,全市禁止部分,
爆炸品,"三硝基甲苯与三硝基苯和六硝基-1,2-二苯乙烯混合物",三硝基甲苯与三硝基苯和六硝基芪混合物,,389,11038,全市禁止部分,
爆炸品,三硝基甲苯与硝基萘混合物,梯萘炸药,,,11039,全市禁止部分,
爆炸品,"2,4,6-三硝基苯甲硝胺",特屈儿,479-45-8,208,11040,全市禁止部分,
爆炸品,环三次甲基三硝胺［含水≥15%］,黑索金；旋风炸药,121-82-4,72,11041,全市禁止部分,
爆炸品,环三次甲基三硝胺［钝感的］,,121-82-4,483,11041,全市禁止部分,
爆炸品,环三次甲基三硝胺与三硝基甲苯混合物［干的或含水＜15%］,黑索雷特,,118,11042,全市禁止部分,
爆炸品,环三次甲基三硝胺与三硝基甲苯和铝粉混合物,黑索金与梯恩梯和铝粉混合炸药；黑索托纳尔,,393,11043,全市禁止部分,
爆炸品,环三次甲基三硝胺与环四次甲基四硝胺混合物［含水≥15%或含钝感剂≥10%］,黑索金与奥克托金混合物,,391,11044,全市禁止部分,
爆炸品,环四次甲基四硝胺［含水≥15%］,奥克托金(HMX),2691-41-0,226,11046,全市禁止部分,
爆炸品,环四次甲基四硝胺［钝感的］,,2691-41-0,484,11046,全市禁止部分,
爆炸品,环四次甲基四硝胺与三硝基甲苯混合物［干的或含水＜15%］,奥克托金与梯恩梯混合炸药；奥克雷特,,266,11047,全市禁止部分,
爆炸品,季戊四醇四硝酸酯［含水≥25%或含钝感剂≥15%］,泰安；喷梯尔,28799,150,11049,全市禁止部分,
爆炸品,季戊四醇四硝酸酯［含蜡≥7%］,,78-11-5,411,11049,全市禁止部分,
爆炸品,季戊四醇四硝酸酯与三硝基甲苯混合物［干的或含水＜15%］,泰安与梯恩梯混合炸药；彭托雷特,,151,11050,全市禁止部分,
爆炸品,二硝基(苯)酚［干的或含水＜15%］,,25550-58-7,76,11052,全市禁止部分,
爆炸品,二硝基间苯二酚［干的或含水＜15%］,,519-44-8,78,11053,全市禁止部分,
爆炸品,"1,3,5-三硝基苯［干的或含水＜30%］",均三硝基苯,99-35-4,214,11054,全市禁止部分,
爆炸品,"2,4,6-三硝基氯(化)苯",苦基氯,88-88-0,155,11056,全市禁止部分,
爆炸品,"2,4,6-三硝基苯酚钠",苦味酸钠,3324-58-1,,11058,全市禁止部分,
爆炸品,"2,4,6-三硝基苯酚铵［干的或含水＜10%］",苦味酸铵,131-74-8,4,11059,全市禁止部分,
爆炸品,三硝基间甲酚,,602-99-3,216,11060,全市禁止部分,
爆炸品,"2,4,6-三硝基间苯二酚",收敛酸,82-71-3,"0219,0394",11061,全市禁止部分,
爆炸品,三硝基苯甲醚,三硝基茴香醚,606-35-9,213,11062,全市禁止部分,
爆炸品,三硝基苯乙醚,,4732-14-3,218,11063,全市禁止部分,
爆炸品,"2,4,6-三硝基苯甲酸［干的或含水＜30%］",三硝基安息香酸,129-66-8,215,11064,全市禁止部分,
爆炸品,三硝基苯磺酸,,2508-19-2,386,11065,全市禁止部分,
爆炸品,"2,4,6-三硝基苯磺酸钠",,,,11066,全市禁止部分,
爆炸品,"2,4,6-三硝基苯胺",苦基胺,489-98-5,153,11067,全市禁止部分,
爆炸品,"2,3,4,6-四硝基苯胺",,3698-54-2,207,11068,全市禁止部分,
爆炸品,三硝基芴酮,,129-79-3,387,11069,全市禁止部分,
爆炸品,三硝基萘,,,217,11070,全市禁止部分,
爆炸品,四硝基萘,,28995-89-3,,11071,全市禁止部分,
爆炸品,四硝基萘胺,,,,11072,全市禁止部分,
爆炸品,六硝基二苯胺,六硝炸药；二苦基胺,131-73-7,79,11073,全市禁止部分,
爆炸品,六硝基二苯胺铵盐,曙黄,,,11074,全市禁止部分,
爆炸品,六硝基二苯硫［干的或含水＜10%］,二苦基硫,28930-30-5,401,11075,全市禁止部分,
爆炸品,"六硝基-1,2-二苯乙烯",六硝基芪,20062-22-0,392,11076,全市禁止部分,
爆炸品,甲基丙烯酸三硝基乙酯,,,,11079,全市禁止部分,
爆炸品,5-硝基苯并三唑,硝基连三氮杂茚,2338-12-7,385,11080,全市禁止部分,
爆炸品,硝酸铵肥料［比硝酸铵(含可燃物＞0.2%，包括以碳计算的任何有机物，但不包括任何其它添加剂)更易爆炸］,,,223,11083,全市禁止部分,
爆炸品,硝铵炸药,铵梯炸药,,,11084,全市禁止部分,
爆炸品,二亚硝基苯,,150-12-4,406,13005,全市禁止部分,
爆炸品,二硝基邻甲(苯)酚钠［干的或含水＜15%］,,2312-76-7,234,13006,全市禁止部分,
爆炸品,硝基芳香族衍生物钾盐[爆炸性的],,,158,13007,全市禁止部分,
爆炸品,二硝基(苯)酚碱金属盐［干的或含水＜15%］,,,77,13010,全市禁止部分,
爆炸品,"4,6-二硝基-2-氨基苯酚钠［干的或含水＜20%］",苦氨酸钠,831-52-7,235,13011,全市禁止部分,
爆炸品,"4,6-二硝基-2-氨基苯酚锆［干的或含水＜30%］",苦氨酸锆,63868-82-6,236,13012,全市禁止部分,
爆炸品,硝化二乙醇胺火药,,,,13013,全市禁止部分,
爆炸品,硝化纤维素［含乙醇≥25%］,,9004-70-0,342,13014,全市禁止部分,
爆炸品,硝化纤维素［含增塑剂≥18%］,,9004-70-0,343,13015,全市禁止部分,
爆炸品,四唑并-1-乙酸,四氮杂茂-1-乙酸,,407,14017,全市禁止部分,
爆炸品,5-巯基四唑并-1-乙酸,,,448,14018,全市禁止部分,
爆炸品,,,,,,全市禁止部分,
爆炸品,亚硝酸甲酯［特许的］,,624-91-9,2455,21048,全市禁止部分,
爆炸品,碘化氢［无水］,,10034-85-2,2197,22024,全市禁止部分,
爆炸品,锑化氢,锑化三氢；睇,7803-52-3,2676,23008,全市禁止部分,
爆炸品,三氧化二氮［特许的］,亚硝酐,10544-73-7,2421,23011,全市禁止部分,
爆炸品,五氟化磷,,7647-19-0,2198,23022,全市禁止部分,
爆炸品,六氟化硒,,7783-79-1,2194,23023,全市禁止部分,
爆炸品,六氟化碲,,7783-80-4,2195,23024,全市禁止部分,
爆炸品,氯化溴,溴化氯,13863-41-7,2901,23026,全市禁止部分,
爆炸品,四氟(代)肼,,10036-47-2,,23031,全市禁止部分,
爆炸品,羰基硫,硫化碳酰,463-58-1,2204,23033,全市禁止部分,
爆炸品,过氯酰氟,氟化过氯氧；氟化过氯酰,7616-94-6,3083,23036,全市禁止部分,
爆炸品,亚硝酰氯,氯化亚硝酰,2696-92-6,1069,23039,全市禁止部分,
爆炸品,八氟异丁烯,全氟异丁烯,382-21-8,,23052,全市禁止部分,
易燃固体、自燃物品和遇湿易燃物品,"2,4,6-三硝基苯酚银［含水≥30%］",苦味酸银,,1347,41027,全市禁止部分,
易燃固体、自燃物品和遇湿易燃物品,磷化钠,,12058-85-4,1432,43032,全市禁止部分,
易燃固体、自燃物品和遇湿易燃物品,磷化钾,,20770-41-6,2012,43033,全市禁止部分,
易燃固体、自燃物品和遇湿易燃物品,磷化镁,二磷化三镁,12057-74-8,2011,43035,全市禁止部分,
易燃固体、自燃物品和遇湿易燃物品,磷化铝镁,,,1419,43037,全市禁止部分,
易燃固体、自燃物品和遇湿易燃物品,磷化锶,,12504-13-1,2013,43039,全市禁止部分,
爆炸品,硝化纤维素［干的或含水(或乙醇)＜25%］,硝化棉,9004-70-0,340,11032,中心城禁止部分,
爆炸品,硝化纤维素［含增塑剂＜18%］,,9004-70-0,341,11032,中心城禁止部分,
爆炸品,硝化丙三醇乙醇溶液［含硝化甘油1%～10%］,硝化甘油乙醇溶液,,144,11034,中心城禁止部分,
爆炸品,"2,4,6-三硝基二甲苯",,632-92-8,,11055,中心城禁止部分,
爆炸品,甘露糖醇六硝酸酯［含水或水加乙醇≥40%］,六硝基甘露醇,15825-70-4,133,11077,中心城禁止部分,
爆炸品,二乙二醇二硝酸酯［含不挥发、不溶于水的钝感剂≥25%］,二甘醇二硝酸酯,693-21-0,75,11078,中心城禁止部分,
压缩气体和液化气体,氢［液化的］,液氢,1333-74-0,1966,21002,中心城禁止部分,
压缩气体和液化气体,氘,重氢,7782-39-0,1957,21004,中心城禁止部分,
压缩气体和液化气体,硫化氢［液化的］,,7783-06-4,1053,21006,中心城禁止部分,
压缩气体和液化气体,甲烷［液化的］,液化甲烷,74-82-8,1972,21008,中心城禁止部分,
压缩气体和液化气体,乙烷［液化的］,液化乙烷,74-84-0,1961,21010,中心城禁止部分,
压缩气体和液化气体,乙烯［压缩的］,,74-85-1,1962,21016,中心城禁止部分,
压缩气体和液化气体,乙烯［液化的］,液化乙烯,74-85-1,1038,21017,中心城禁止部分,
压缩气体和液化气体,丙烯,,115-07-1,1077,21018,中心城禁止部分,
压缩气体和液化气体,1-丁烯,,106-98-9,1012,21019,中心城禁止部分,
压缩气体和液化气体,2-丁烯,,590-18-1,1012,21019,中心城禁止部分,
压缩气体和液化气体,异丁烯,,115-11-7,1055,21020,中心城禁止部分,
压缩气体和液化气体,丙二烯［抑制了的］,,463-49-0,2200,21021,中心城禁止部分,
压缩气体和液化气体,"1,3-丁二烯［抑制了的］",联乙烯,106-99-0,1010,21022,中心城禁止部分,
压缩气体和液化气体,"1,3-戊二烯［抑制了的］",,504-60-9,,21023,中心城禁止部分,
压缩气体和液化气体,"1,4-戊二烯［抑制了的］",,591-93-5,,21023,中心城禁止部分,
压缩气体和液化气体,1-丁炔［抑制了的］,乙基乙炔,107-00-6,2452,21025,中心城禁止部分,
压缩气体和液化气体,氟乙烯［抑制了的］,乙烯基氟,75-02-5,1860,21030,中心城禁止部分,
压缩气体和液化气体,"1,1-二氟乙烯",偏二氟乙烯；R1132a,75-38-7,1959,21031,中心城禁止部分,
压缩气体和液化气体,四氟乙烯［抑制了的］,,116-14-3,1081,21032,中心城禁止部分,
压缩气体和液化气体,二氟氯乙烷,R142,75-68-3,2517,21033,中心城禁止部分,
压缩气体和液化气体,三氟氯乙烯［抑制了的］,氯三氟乙烯；R1113,79-38-9,1082,21034,中心城禁止部分,
压缩气体和液化气体,三氟溴乙烯,溴三氟乙烯,598-73-2,2419,21035,中心城禁止部分,
压缩气体和液化气体,氯乙烷,乙基氯,75-00-3,1037,21036,中心城禁止部分,
压缩气体和液化气体,氯乙烯［抑制了的］,乙烯基氯,75-01-4,1086,21037,中心城禁止部分,
压缩气体和液化气体,溴乙烯［抑制了的］,乙烯基溴,593-60-2,1085,21038,中心城禁止部分,
压缩气体和液化气体,甲乙醚,乙甲醚；甲氧基乙烷,540-67-0,1039,21041,中心城禁止部分,
压缩气体和液化气体,乙烯基甲醚［抑制了的］,甲基乙烯醚,107-25-5,1087,21042,中心城禁止部分,
压缩气体和液化气体,一甲胺［无水］,氨基甲烷；甲胺,74-89-5,1061,21043,中心城禁止部分,
压缩气体和液化气体,三甲胺［无水］,,75-50-3,1083,21045,中心城禁止部分,
压缩气体和液化气体,乙胺,氨基乙烷,75-04-7,1036,21046,中心城禁止部分,
压缩气体和液化气体,甲硫醇,巯基甲烷,74-93-1,1064,21047,中心城禁止部分,
压缩气体和液化气体,甲基氯硅烷,氯甲基硅烷,993-00-0,2534,21051,中心城禁止部分,
压缩气体和液化气体,八氟-2-丁烯,全氟-2-丁烯,360-89-4,2422,22038,中心城禁止部分,
压缩气体和液化气体,四氧化二氮［液化的］,二氧化氮,10102-44-0,1067,23012,中心城禁止部分,
压缩气体和液化气体,二氟化氧,,7783-41-7,2190,23014,中心城禁止部分,
压缩气体和液化气体,三氟化磷,,7783-55-3,1955,23017,中心城禁止部分,
压缩气体和液化气体,四氟化硫,,7783-60-0,2418,23019,中心城禁止部分,
压缩气体和液化气体,氯化氰,氰化氯；氯甲腈,506-77-4,1589,23027,中心城禁止部分,
压缩气体和液化气体,氰［液化的］,,460-19-5,1026,23028,中心城禁止部分,
压缩气体和液化气体,六氟丙酮,,684-16-2,2420,23032,中心城禁止部分,
压缩气体和液化气体,羰基氟,氟化碳酰,353-50-4,2417,23035,中心城禁止部分,
压缩气体和液化气体,三氟乙酰氯,氯化三氟乙酰,354-32-5,3057,23037,中心城禁止部分,
压缩气体和液化气体,碳酰氯,光气,75-44-5,1076,23038,中心城禁止部分,
压缩气体和液化气体,氯甲烷,甲基氯；R40,74-87-3,1063,23040,中心城禁止部分,
压缩气体和液化气体,溴甲烷,甲基溴,74-83-9,1062,23041,中心城禁止部分,
压缩气体和液化气体,锗烷,,7782-65-2,2192,23043,中心城禁止部分,
压缩气体和液化气体,二氧化碳和环氧乙烷混合物［含环氧乙烷＞6%］,二氧化碳和氧化乙烯混合物,,1041,23049,中心城禁止部分,
易燃液体,1-戊烯,,109-67-1,1108,31006,中心城禁止部分,
易燃液体,2-戊烯,,109-68-2,,31006,中心城禁止部分,
易燃液体,环戊烯,,142-29-0,2246,31008,中心城禁止部分,
易燃液体,"2-氯-1,3-丁二烯［抑制了的］",,126-99-8,1991,31013,中心城禁止部分,
易燃液体,2-氯丙烷,氯异丙烷；异丙基氯,75-29-6,2356,31020,中心城禁止部分,
易燃液体,2-氯丙烯,异丙烯基氯,557-98-2,2456,31021,中心城禁止部分,
易燃液体,3-氯丙烯,α-氯丙烯；烯丙基氯,107-05-1,1100,31021,中心城禁止部分,
易燃液体,丙烯醛［抑制了的］,烯丙醛,107-02-8,1092,31024,中心城禁止部分,
易燃液体,甲基丙基醚,甲丙醚,557-17-5,2612,31028,中心城禁止部分,
易燃液体,乙烯基乙醚［抑制了的］,乙基乙烯醚；乙氧基乙烯,109-92-2,1302,31029,中心城禁止部分,
易燃液体,"1,1-二甲氧基乙烷",二甲醇缩乙醛；乙醛缩二甲醇,534-15-6,2377,31031,中心城禁止部分,
易燃液体,"1,2-环氧丙烷［抑制了的］",氧化丙烯；甲基环氧乙烷,75-56-9,1280,31032,中心城禁止部分,
易燃液体,甲硫醚,二甲硫,75-18-3,1164,31033,中心城禁止部分,
易燃液体,乙硫醇,氢硫基乙烷；巯基乙烷,75-08-1,2363,31034,中心城禁止部分,
易燃液体,亚硝酸乙酯醇溶液,,109-95-5,1194,31039,中心城禁止部分,
易燃液体,2-甲基呋喃,,534-22-5,2301,31041,中心城禁止部分,
易燃液体,1-氨基丙烷,正丙胺,107-10-8,1277,31047,中心城禁止部分,
易燃液体,2-氨基丙烷,异丙胺,75-31-0,1221,31047,中心城禁止部分,
易燃液体,3-氨基丙烯,烯丙胺,107-11-9,2334,31048,中心城禁止部分,
易燃液体,"1,1-二氯乙烯［抑制了的］",偏二氯乙烯,75-35-4,1303,32040,中心城禁止部分,
易燃液体,"2,3-二氯丙烯",,78-88-6,2047,32041,中心城禁止部分,
易燃液体,氯甲基甲醚,甲基氯甲醚,107-30-2,1239,32089,中心城禁止部分,
易燃液体,氯甲酸甲酯,,79-22-1,1238,32150,中心城禁止部分,
易燃液体,氯甲酸乙酯,,541-41-3,1182,32151,中心城禁止部分,
易燃液体,氯甲酸异丙酯,,108-23-6,2407,32152,中心城禁止部分,
易燃液体,异氰酸甲酯,,624-83-9,2480,32164,中心城禁止部分,
易燃液体,异氰酸乙酯,,109-90-0,2481,32164,中心城禁止部分,
易燃液体,异氰酸正丙酯,,110-78-1,2482,32164,中心城禁止部分,
易燃液体,异氰酸异丙酯,,1795-48-8,2483,32164,中心城禁止部分,
易燃液体,异氰酸叔丁酯,,1609-86-5,2484,32164,中心城禁止部分,
易燃液体,异氰酸正丁酯,,111-36-4,2485,32164,中心城禁止部分,
易燃液体,异氰酸异丁酯,,1873-29-6,2486,32164,中心城禁止部分,
易燃液体,甲氧基异氰酸甲酯,甲氧基甲基异氰酸酯,6427-21-0,2605,32164,中心城禁止部分,
易燃液体,甲基肼,甲基联胺,60-34-4,1244,32183,中心城禁止部分,
易燃液体,"1,1-二甲基肼",二甲基肼［不对称］,57-14-7,1163,32184,中心城禁止部分,
易燃液体,"1,2-二甲基肼",二甲基肼［对称］,540-73-8,2382,32184,中心城禁止部分,
易燃液体,乙基三氯硅烷,三氯乙基硅烷,115-21-9,1196,32186,中心城禁止部分,
易燃液体,二甲基二氯硅烷,二氯二甲基硅烷,75-78-5,1162,32186,中心城禁止部分,
易燃液体,乙烯(基)三氯硅烷［抑制了的］,三氯乙烯硅烷,75-94-5,1305,32186,中心城禁止部分,
易燃液体,2-硝基丙烷,,79-46-9,2608,33522,中心城禁止部分,
易燃液体,"1,3-二氯丙烯",,542-75-6,2047,33528,中心城禁止部分,
易燃液体,亚磷酸三甲酯,,121-45-9,2329,33610,中心城禁止部分,
易燃液体,亚磷酸三乙酯,,122-52-1,2323,33610,中心城禁止部分,
易燃液体,"3,4-二甲基吡啶",,583-58-4,,33615,中心城禁止部分,
易燃液体,"N,N-二甲基氨基乙腈",2-(二甲胺基)乙腈,926-64-7,2378,33630,中心城禁止部分,
易燃液体,无水肼[含肼＞64%],无水联氨,302-01-2,2029,33631,中心城禁止部分,
易燃固体、自燃物品和遇湿易燃物品,二硝基邻甲酚钠［含水≥15%］,,2312-76-7,1348,41012,中心城禁止部分,
易燃固体、自燃物品和遇湿易燃物品,4-硝基联苯,对硝基联苯,92-93-3,,41518,中心城禁止部分,
易燃固体、自燃物品和遇湿易燃物品,连二亚硫酸钾,低亚硫酸钾,14293-73-3,1929,42013,中心城禁止部分,
易燃固体、自燃物品和遇湿易燃物品,连二亚硫酸钙,,15512-36-4,1923,42014,中心城禁止部分,
易燃固体、自燃物品和遇湿易燃物品,烷基铝,,,3051,42022,中心城禁止部分,
易燃固体、自燃物品和遇湿易燃物品,戊硼烷,五硼烷,19624-22-7,1380,42031,中心城禁止部分,
易燃固体、自燃物品和遇湿易燃物品,磷化钙,二磷化三钙,1305-99-3,1360,43034,中心城禁止部分,
氧化剂和有机过氧化物,过氧化钾,,17014-71-0,1491,51003,中心城禁止部分,
氧化剂和有机过氧化物,三氟化溴,,7787-71-5,1746,51012,中心城禁止部分,
氧化剂和有机过氧化物,五氟化溴,,7789-30-2,1745,51013,中心城禁止部分,
氧化剂和有机过氧化物,五氟化碘,,7783-66-6,2495,51014,中心城禁止部分,
氧化剂和有机过氧化物,高氯酸铵,过氯酸铵,7790-98-9,1442,51017,中心城禁止部分,
氧化剂和有机过氧化物,高氯酸钠,过氯酸钠,7601-89-0,1502,51018,中心城禁止部分,
氧化剂和有机过氧化物,高氯酸钾,过氯酸钾,7778-74-7,1489,51019,中心城禁止部分,
氧化剂和有机过氧化物,高氯酸锂,过氯酸锂,2151713,,51020,中心城禁止部分,
氧化剂和有机过氧化物,氯酸铵,,10192-29-7,,51029,中心城禁止部分,
氧化剂和有机过氧化物,高锰酸钠,过锰酸钠,10101-50-5,1503,51047,中心城禁止部分,
氧化剂和有机过氧化物,亚硝酸锌铵,,63885-01-8,1512,51072,中心城禁止部分,
氧化剂和有机过氧化物,四硝基甲烷,,509-14-8,1510,51079,中心城禁止部分,
氧化剂和有机过氧化物,过氧化甲乙酮［在溶液中，含量≤45%，含有效氧≤10%］,过氧化丁酮液；催化剂糊M,1338-23-4,2550,52032,中心城禁止部分,
氧化剂和有机过氧化物,过氧化甲乙酮［在溶液中，含量≤52%，含有效氧＞10%］,,1338-23-4,2563,52032,中心城禁止部分,
氧化剂和有机过氧化物,过氧化甲乙酮［在尼龙酸二异丁酯中，含量≤40%，含有效氧≤8.2%］,,1338-23-4,3068,52032,中心城禁止部分,
氧化剂和有机过氧化物,过氧化环己酮［在溶液中，含量≤72%，含有效氧≤9%］,,78-18-2,2118,52034,中心城禁止部分,
氧化剂和有机过氧化物,过氧化环己酮［含量≤91%，含水］,,78-18-2,2119,52034,中心城禁止部分,
氧化剂和有机过氧化物,过氧化环己酮［糊状物，含量≤72%，含有效氧≤9%］,,78-18-2,2896,52034,中心城禁止部分,
毒害品和感染性物品,氰化氢［无水，稳定的］,无水氢氰酸,74-90-8,1051,61003,中心城禁止部分,
毒害品和感染性物品,氢氰酸［含量≤20%］,,74-90-8,1613,61004,中心城禁止部分,
毒害品和感染性物品,三氯化砷,氯化亚砷,7784-34-1,1560,61013,中心城禁止部分,
毒害品和感染性物品,羰基镍,四羰基镍；四碳酰镍,13463-39-3,1259,61031,中心城禁止部分,
毒害品和感染性物品,五羰基铁,羰基铁,13463-40-6,1994,61031,中心城禁止部分,
毒害品和感染性物品,二氯硫化碳,硫光气；硫代羰基氯,463-71-8,2474,61032,中心城禁止部分,
毒害品和感染性物品,三氯硝基甲烷,氯化苦；硝基三氯甲烷,76-06-2,1580,61051,中心城禁止部分,
毒害品和感染性物品,六氯环戊二烯,全氯环戊二烯,77-47-4,2646,61055,中心城禁止部分,
毒害品和感染性物品,硝基苯,,98-95-3,1662,61056,中心城禁止部分,
毒害品和感染性物品,乙撑亚胺[抑制了的],氮丙环；吖丙啶,151-56-4,1185,61077,中心城禁止部分,
毒害品和感染性物品,三氯乙醛[无水的，抑制了的］,氯醛；氯油,75-87-6,2075,61079,中心城禁止部分,
毒害品和感染性物品,一氯乙醛,氯乙醛；一氯代乙醛,107-20-0,2232,61079,中心城禁止部分,
毒害品和感染性物品,丙酮氰醇,丙酮合氰化氢,75-86-5,1541,61088,中心城禁止部分,
毒害品和感染性物品,全氯甲硫醇,三氯硫氯甲烷；过氯甲硫醇；四氯硫代碳酰,594-42-3,1670,61089,中心城禁止部分,
毒害品和感染性物品,苯(基)硫醇,苯硫酚；巯基苯；硫代苯酚,108-98-5,2337,61090,中心城禁止部分,
毒害品和感染性物品,乙基二氯胂,二氯化乙基胂,598-14-1,1892,61098,中心城禁止部分,
毒害品和感染性物品,氯甲酸三氯甲酯,双光气,503-38-8,,61101,中心城禁止部分,
毒害品和感染性物品,氯甲酸(正)丙酯,,109-61-5,2740,61101,中心城禁止部分,
毒害品和感染性物品,异氰酸苯酯,苯基异氰酸酯,103-71-9,2487,61109,中心城禁止部分,
毒害品和感染性物品,异氰酸环己酯,环己基异氰酸酯,3173-53-3,2488,61109,中心城禁止部分,
毒害品和感染性物品,硫酸(二)甲酯,,77-78-1,1595,61116,中心城禁止部分,
毒害品和感染性物品,"1,2-二溴乙烷",乙撑二溴,106-93-4,1605,61565,中心城禁止部分,
毒害品和感染性物品,一氯(代)丙酮,氯丙酮,78-95-5,1695,61601,中心城禁止部分,
毒害品和感染性物品,溴丙酮,,598-31-2,1569,61604,中心城禁止部分,
毒害品和感染性物品,氯甲酸仲丁酯,,17462-58-7,,61609,中心城禁止部分,
毒害品和感染性物品,氯甲酸异丁酯,,543-27-1,,61609,中心城禁止部分,
腐蚀品,三氧化硫［抑制了的］,硫酸酐,7446-11-9,1829,81010,中心城禁止部分,
腐蚀品,一氯化硫,,10025-67-9,1828,81032,中心城禁止部分,
腐蚀品,二氯化硫,,10545-99-0,1828,81033,中心城禁止部分,
腐蚀品,氧氯化硒,氯化亚硒酰；二氯氧化硒,7791-23-3,2879,81039,中心城禁止部分,
腐蚀品,三氯化磷,,7719-12-2,1809,81041,中心城禁止部分,
腐蚀品,五氯化磷,,10026-13-8,1806,81042,中心城禁止部分,
腐蚀品,四氯化硅,氯化硅,10026-04-7,1818,81043,中心城禁止部分,
腐蚀品,五氯化锑,,7647-18-9,1731,81047,中心城禁止部分,
腐蚀品,四氯化钛,,7550-45-0,1838,81051,中心城禁止部分,
腐蚀品,硫代磷酰氯,硫代氯化磷酰；三氯化硫磷,3982-91-0,1837,81064,中心城禁止部分,
腐蚀品,溴乙酰溴,溴化溴乙酰,598-21-0,2513,81112,中心城禁止部分,
腐蚀品,三甲基乙酰氯,三甲基氯乙酰；新戊酰氯,3282-30-2,2438,81117,中心城禁止部分,
腐蚀品,三氯乙酰氯,, 76-02-8,2442,81118,中心城禁止部分,
腐蚀品,二甲氨基甲酰氯,,79-44-7,2262,81119,中心城禁止部分,
腐蚀品,二甲基硫代磷酰氯,,2524-03-0,2267,81131,中心城禁止部分,
腐蚀品,二乙基硫代磷酰氯,,2524-04-1,2751,81132,中心城禁止部分,
腐蚀品,氯甲酸烯丙(基)酯［含有稳定剂］,,2937-50-0,1722,83006,中心城禁止部分,
腐蚀品,硫代氯甲酸乙酯,氯硫代甲酸乙酯,2941-64-2,2826,83008,中心城禁止部分,
腐蚀品,"α,α,α-三氯甲(基)苯",三氯化苄；苯(基)三氯甲烷,98-07-7,2226,83011,中心城禁止部分,
腐蚀品,三氯氧化钒,三氯化氧钒,7727-18-6,2443,83502,中心城禁止部分,
爆炸品,高氯酸［浓度＞72%］,,7601-90-3,,11026,限制和控制部分,
爆炸品,硝化丙三醇［含不挥发、不溶于水的钝感剂≥40%］,甘油三硝酸酯；硝化甘油,55-63-0,143,11033,限制和控制部分,
爆炸品,"2,4,6-三硝基苯酚［干的或含水＜30%］",苦味酸,88-89-1,154,11057,限制和控制部分,
爆炸品,硝酸铵［含可燃物＞0.2%，包括以碳计算的任何有机物，但不包括任何其它添加剂］,,6484-52-2,222,11082,限制和控制部分,
压缩气体和液化气体,氢［压缩的］,氢气,1333-74-0,1049,21001,限制和控制部分,
压缩气体和液化气体,氢气和甲烷混合物［压缩的］,,,2034,21003,限制和控制部分,
压缩气体和液化气体,一氧化碳,,630-08-0,1016,21005,限制和控制部分,
压缩气体和液化气体,甲烷［压缩的］,,74-82-8,1971,21007,限制和控制部分,
压缩气体和液化气体,天然气［含甲烷的，压缩的］,沼气,8006-14-2,1971,21007,限制和控制部分,
压缩气体和液化气体,天然气［含甲烷的，液化的］,液化天然气,8006-14-2,1972,21008,限制和控制部分,
压缩气体和液化气体,乙烷［压缩的］,,74-84-0,1035,21009,限制和控制部分,
压缩气体和液化气体,丙烷,,74-98-6,1978,21011,限制和控制部分,
压缩气体和液化气体,异丁烷,,75-28-5,1969,21012,限制和控制部分,
压缩气体和液化气体,正丁烷,丁烷,106-97-8,1011,21012,限制和控制部分,
压缩气体和液化气体,"2,2-二甲基丙烷",,463-82-1,2044,21013,限制和控制部分,
压缩气体和液化气体,环丙烷［液化的］,,75-19-4,1027,21014,限制和控制部分,
压缩气体和液化气体,环丁烷,,287-23-0,2601,21015,限制和控制部分,
压缩气体和液化气体,氟甲烷,甲基氟,593-53-3,2454,21026,限制和控制部分,
压缩气体和液化气体,氟乙烷,乙基氟；R161,353-36-6,2453,21027,限制和控制部分,
压缩气体和液化气体,"1,1-二氟乙烷",R152a,75-37-6,1030,21028,限制和控制部分,
压缩气体和液化气体,"1,1,1-三氟乙烷",R143,420-46-2,2035,21029,限制和控制部分,
压缩气体和液化气体,环氧乙烷,氧化乙烯,75-21-8,1040,21039,限制和控制部分,
压缩气体和液化气体,(二)甲醚,,115-10-6,1033,21040,限制和控制部分,
压缩气体和液化气体,二甲胺［无水］,,124-40-3,1032,21044,限制和控制部分,
压缩气体和液化气体,乙硼烷,二硼烷,19287-45-7,1911,21049,限制和控制部分,
压缩气体和液化气体,四氢化硅,甲硅烷,7803-62-5,2203,21050,限制和控制部分,
压缩气体和液化气体,石油气,原油气,,1071,21052,限制和控制部分,
压缩气体和液化气体,石油气［液化的］,液化石油气,68476-85-7,1075,21053,限制和控制部分,
压缩气体和液化气体,氯化氢［无水］,,7647-01-0,"1050,2186",22022,限制和控制部分,
压缩气体和液化气体,三氯化硼,,10294-34-5,1741,22023,限制和控制部分,
压缩气体和液化气体,氟［压缩的］,,7782-41-4,1045,23001,限制和控制部分,
压缩气体和液化气体,氯［液化的］,液氯,7782-50-5,1017,23002,限制和控制部分,
压缩气体和液化气体,氨［液化的，含氨＞50%］,液氨,7664-41-7,1005,23003,限制和控制部分,
压缩气体和液化气体,溴化氢［无水］,,10035-10-6,1048,23004,限制和控制部分,
压缩气体和液化气体,磷化氢,磷化三氢；膦,7803-51-2,2199,23005,限制和控制部分,
压缩气体和液化气体,砷化氢,砷化三氢；胂,7784-42-1,2188,23006,限制和控制部分,
压缩气体和液化气体,硒化氢［无水］,,7783-07-5,2202,23007,限制和控制部分,
压缩气体和液化气体,一氧化氮,,10102-43-9,1660,23009,限制和控制部分,
压缩气体和液化气体,二氧化硫［液化的］,亚硫酸酐,7446-09-5,1079,23013,限制和控制部分,
压缩气体和液化气体,三氟化氯,,7990-91-2,1749,23015,限制和控制部分,
压缩气体和液化气体,三氟化氮,,7783-54-2,2451,23016,限制和控制部分,
压缩气体和液化气体,三氟化硼,氟化硼,2095581,1008,23018,限制和控制部分,
压缩气体和液化气体,四氟化硅,氟化硅,7783-61-1,1859,23020,限制和控制部分,
压缩气体和液化气体,五氟化氯,,13637-63-3,2548,23021,限制和控制部分,
压缩气体和液化气体,六氟化钨,,7783-82-6,2196,23025,限制和控制部分,
压缩气体和液化气体,一氧化碳和氢气混合物,水煤气,,2600,23029,限制和控制部分,
压缩气体和液化气体,硫酰氟,氟化磺酰,2699-79-8,2191,23034,限制和控制部分,
压缩气体和液化气体,二氯硅烷,,4109-96-0,2189,23042,限制和控制部分,
易燃液体,汽油［闪点＜－18℃］,,8006-61-9,"1203,1257",31001,限制和控制部分,
易燃液体,正戊烷,戊烷,109-66-0,1265,31002,限制和控制部分,
易燃液体,2-甲基丁烷,异戊烷,78-78-4,1265,31002,限制和控制部分,
易燃液体,环戊烷,,287-92-3,1146,31003,限制和控制部分,
易燃液体,环己烷,六氢化苯,110-82-7,1145,31004,限制和控制部分,
易燃液体,正己烷,己烷,110-54-3,1208,31005,限制和控制部分,
易燃液体,"2-甲基-1,3-丁二烯［抑制了的］",异戊间二烯,78-79-5,1218,31012,限制和控制部分,
易燃液体,乙醛,,75-07-0,1089,31022,限制和控制部分,
易燃液体,乙醚,二乙(基)醚,60-29-7,1155,31026,限制和控制部分,
易燃液体,二甲氧基甲烷,甲撑二甲醚；二甲醇缩甲醛；甲缩醛,109-87-5,1234,31031,限制和控制部分,
易燃液体,二乙氧基甲烷,甲醛缩二乙醇；二乙醇缩甲醛,462-95-3,2373,31031,限制和控制部分,
易燃液体,甲酸甲酯,,107-31-3,1243,31037,限制和控制部分,
易燃液体,甲酸乙酯,,109-94-4,1190,31038,限制和控制部分,
易燃液体,呋喃,氧杂茂,110-00-9,2389,31040,限制和控制部分,
易燃液体,甲胺水溶液,氨基甲烷水溶液,74-89-5,1235,31044,限制和控制部分,
易燃液体,乙胺水溶液［浓度50%～70%］,氨基乙烷水溶液,75-04-7,2270,31045,限制和控制部分,
易燃液体,二乙胺,,109-89-7,1154,31046,限制和控制部分,
易燃液体,四甲基硅烷,四甲基硅,75-76-3,2749,31049,限制和控制部分,
易燃液体,二硫化碳,,75-15-0,1131,31050,限制和控制部分,
易燃液体,汽油［－18℃≤闪点＜23℃］,,8006-61-9,12031257,32001,限制和控制部分,
易燃液体,石油醚,石油精,8032-32-4,1271,32002,限制和控制部分,
易燃液体,石油原油,原油,2228840,"1267,1255",32003,限制和控制部分,
易燃液体,石脑油,溶剂油,8030-30-6,"1256,2553",32004,限制和控制部分,
易燃液体,"1,1-二氯乙烷",乙叉二氯,75-34-3,2362,32035,限制和控制部分,
易燃液体,"1,2-二氯乙烷","乙撑二氯；亚乙基二氯；1,2-二氯化乙烯",107-06-2,1184,32035,限制和控制部分,
易燃液体,苯,纯苯,71-43-2,1114,32050,限制和控制部分,
易燃液体,重质苯,,,,32051,限制和控制部分,
易燃液体,甲基苯,甲苯,108-88-3,1294,32052,限制和控制部分,
易燃液体,甲醇,,67-56-1,1230,32058,限制和控制部分,
易燃液体,2-丙烯-1-醇,烯丙醇；蒜醇,107-18-6,1098,32065,限制和控制部分,
易燃液体,2-丁烯醛［抑制了的］,巴豆醛；β-甲基丙烯醛,4170-30-3,1143,32071,限制和控制部分,
易燃液体,3-丁烯-2-酮,甲基乙烯基(甲)酮；丁烯酮,78-94-4,1251,32078,限制和控制部分,
易燃液体,甲基叔丁基醚,,1634-04-4,2398,32084,限制和控制部分,
易燃液体,二硫化二甲基,二甲二硫；甲基化二硫,624-92-0,2381,32114,限制和控制部分,
易燃液体,乙酰氯,氯(化)乙酰,75-36-5,1717,32119,限制和控制部分,
易燃液体,正丁酰氯,氯(化)丁酰,141-75-3,2353,32121,限制和控制部分,
易燃液体,乙酸乙酯,醋酸乙酯,141-78-6,1173,32127,限制和控制部分,
易燃液体,乙酸乙烯酯［抑制了的］,乙烯基乙酸酯；醋酸乙烯酯,108-05-4,1301,32131,限制和控制部分,
易燃液体,乙腈,甲基氰,75-05-8,1648,32159,限制和控制部分,
易燃液体,丙腈,乙基氰,107-12-0,2404,32160,限制和控制部分,
易燃液体,丙烯腈［抑制了的］,氰(基)乙烯,107-13-1,1093,32162,限制和控制部分,
易燃液体,甲基丙烯腈［抑制了的］,异丁烯腈,126-98-7,3079,32163,限制和控制部分,
易燃液体,硫代异氰酸甲酯,异硫氰酸甲酯；甲基芥子油,556-61-6,2477,32165,限制和控制部分,
易燃液体,三乙胺,,121-44-8,1296,32168,限制和控制部分,
易燃液体,丙烯亚胺［抑制了的］,甲基氮丙环,75-55-8,1921,32180,限制和控制部分,
易燃液体,六亚甲基亚胺,,111-49-9,2493,32182,限制和控制部分,
易燃液体,甲基三氯硅烷,三氯甲基硅烷,75-79-6,1250,32186,限制和控制部分,
易燃液体,三甲基氯硅烷,氯化三甲基硅烷,75-77-4,1298,32186,限制和控制部分,
易燃液体,硝化纤维素溶液［含氮量≤12.6%，含硝化纤维素≤55%］,硝化棉溶液,,2059,32190,限制和控制部分,
易燃液体,硝基甲烷,,75-52-5,1261,33520,限制和控制部分,
易燃液体,硝基乙烷,,79-24-3,2842,33521,限制和控制部分,
易燃液体,苯乙烯［抑制了的］,乙烯苯,100-42-5,2055,33541,限制和控制部分,
易燃液体,氯苯,一氯化苯,108-90-7,1134,33546,限制和控制部分,
易燃液体,丙炔醇,,107-19-7,,33559,限制和控制部分,
易燃液体,糠醛,呋喃甲醛,35796,1199,33581,限制和控制部分,
易燃固体、自燃物品和遇湿易燃物品,红磷,赤磷,7723-14-0,1338,41001,限制和控制部分,
易燃固体、自燃物品和遇湿易燃物品,"2,4-二硝基(苯)酚［含水≥15%］",,51-28-5,1320,41010,限制和控制部分,
易燃固体、自燃物品和遇湿易燃物品,"N,N'-二亚硝基五亚甲基四胺[含钝感剂]",发泡剂H,101-25-7,,41021,限制和控制部分,
易燃固体、自燃物品和遇湿易燃物品,硝化纤维素［含水≥25%］,硝化棉,,2555,41031,限制和控制部分,
易燃固体、自燃物品和遇湿易燃物品,硝化纤维素［含氮≤12.6%，含醇≥25%］,硝化棉,,2556,41031,限制和控制部分,
易燃固体、自燃物品和遇湿易燃物品,硝化纤维素［含氮≤12.6%，含增塑物质≥18%］,硝化棉,,2557,41031,限制和控制部分,
易燃固体、自燃物品和遇湿易燃物品,"2,2'-偶氮二异丁腈",发泡剂N ,78-67-1,2952,41040,限制和控制部分,
易燃固体、自燃物品和遇湿易燃物品,"2,2'-偶氮-二- (2,4-二甲基戊腈)",偶氮二异庚腈,4419-11-8,2953,41042,限制和控制部分,
易燃固体、自燃物品和遇湿易燃物品,癸硼烷,十硼烷；十硼氢,17702-41-9,1868,41056,限制和控制部分,
易燃固体、自燃物品和遇湿易燃物品,金属锰粉［含水≥25%］,锰粉,7439-96-5,,41506,限制和控制部分,
易燃固体、自燃物品和遇湿易燃物品,萘,粗萘；精萘,91-20-3,1334,41511,限制和控制部分,
易燃固体、自燃物品和遇湿易燃物品,黄磷,白磷,7723-14-0,24471381,42001,限制和控制部分,
易燃固体、自燃物品和遇湿易燃物品,连二亚硫酸钠,保险粉；低亚硫酸钠,7775-14-6,1384,42012,限制和控制部分,
易燃固体、自燃物品和遇湿易燃物品,金属钠,钠,7440-23-5,1428,43002,限制和控制部分,
易燃固体、自燃物品和遇湿易燃物品,金属钾,钾,7440-09-7,2257,43003,限制和控制部分,
易燃固体、自燃物品和遇湿易燃物品,铝粉［未涂层的］,铝银粉,7429-90-5,1396,43013,限制和控制部分,
易燃固体、自燃物品和遇湿易燃物品,磷化铝,,20859-73-8,1397,43036,限制和控制部分,
易燃固体、自燃物品和遇湿易燃物品,磷化锌,,1314-84-7,1714,43038,限制和控制部分,
易燃固体、自燃物品和遇湿易燃物品,五硫化(二)磷,五硫化磷,1314-80-3,1340,43041,限制和控制部分,
氧化剂和有机过氧化物,过氧化氢［含量＞60%，特许的］,双氧水,7722-84-1,2015,51001,限制和控制部分,
氧化剂和有机过氧化物,过氧化氢［20%≤含量≤60%］,双氧水,7722-84-1,2014,51001,限制和控制部分,
氧化剂和有机过氧化物,过氧化钠,双氧化钠；二氧化钠,1313-60-6,1504,51002,限制和控制部分,
氧化剂和有机过氧化物,高氯酸［含酸50%～72%］,过氯酸,7601-90-3,1873,51015,限制和控制部分,
氧化剂和有机过氧化物,氯酸钠,,7775-09-9,1495,51030,限制和控制部分,
氧化剂和有机过氧化物,氯酸钾,,3811-04-9,1485,51031,限制和控制部分,
氧化剂和有机过氧化物,高锰酸钾,过锰酸钾；灰锰氧,7722-64-7,1490,51048,限制和控制部分,
氧化剂和有机过氧化物,硝酸铅,,10099-74-8,1469,51065,限制和控制部分,
氧化剂和有机过氧化物,硝酸胍,硝酸亚氨脲,506-93-4,1467,51068,限制和控制部分,
氧化剂和有机过氧化物,硝酸铵［含可燃物≤0.2%］,,6484-52-2,1942,51069,限制和控制部分,
氧化剂和有机过氧化物,三氧化铬［无水］,铬(酸)酐,1333-82-0,1463,51519,限制和控制部分,
氧化剂和有机过氧化物,重铬酸钠,红矾钠,7789-12-0,,51520,限制和控制部分,
氧化剂和有机过氧化物,重铬酸钾,红矾钾,7778-50-9,,51520,限制和控制部分,
氧化剂和有机过氧化物,硝酸镉,,10325-94-7,,51522,限制和控制部分,
氧化剂和有机过氧化物,亚硝酸钠,,7632-00-0,1500,51525,限制和控制部分,
氧化剂和有机过氧化物,"过氧化氢叔丁基［含量≤80%,带有氢过氧化二叔丁基和/或A型稀释剂］",过氧化氢第三丁基；过氧化叔丁醇,75-91-2,2092,52017,限制和控制部分,
氧化剂和有机过氧化物,过氧化氢叔丁基［含量≤72%，含水］,,75-91-2,2093,52017,限制和控制部分,
氧化剂和有机过氧化物,过氧化氢叔丁基［72%＜含量≤90%，含水］,,75-91-2,2094,52017,限制和控制部分,
氧化剂和有机过氧化物,过氧化氢叔丁基［含量≤82%，含水≥7%，含氢过氧化二叔丁基≥9%］,,75-91-2,3075,52017,限制和控制部分,
氧化剂和有机过氧化物,过氧化氢异丙苯［工业纯］,过氧化羟基茴香素；枯基过氧化氢,80-15-9,2116,52020,限制和控制部分,
氧化剂和有机过氧化物,过氧化十二(烷)酰［工业纯］,过氧化(二)月桂酰；引发剂B,105-74-8,2124,52044,限制和控制部分,
氧化剂和有机过氧化物,过氧化(二)苯甲酰［工业纯］,,94-36-0,2085,52045,限制和控制部分,
氧化剂和有机过氧化物,过甲酸,过蚁酸,107-32-4,,52050,限制和控制部分,
氧化剂和有机过氧化物,过乙酸［含量≤43%，含水≥5%，含乙酸≥35%，含过氧化氢≤6%，含有稳定剂］,过醋酸；过氧化乙酸；乙酰过氧化氢,79-21-0,2131,52051,限制和控制部分,
氧化剂和有机过氧化物,过氧化苯甲酸叔丁酯［工业纯］,过氧化叔丁基苯甲酸酯,614-45-9,2097,52076,限制和控制部分,
氧化剂和有机过氧化物,过氧化苯甲酸叔丁酯［在溶液中，含量＞77%］,,614-45-9,2097,52076,限制和控制部分,
氧化剂和有机过氧化物,过氧化苯甲酸叔丁酯［在溶液中，含量≤77%］,,614-45-9,2098,52076,限制和控制部分,
氧化剂和有机过氧化物,过氧化苯甲酸叔丁酯［含量≤52%，带有惰性固体］,,614-45-9,2890,52076,限制和控制部分,
毒害品和感染性物品,氰化钠,山奈,143-33-9,1689,61001,限制和控制部分,
毒害品和感染性物品,氰化钾,,151-50-8,1680,61001,限制和控制部分,
毒害品和感染性物品,"3-氯-1,2-环氧丙烷",环氧氯丙烷,106-89-8,2023,61052,限制和控制部分,
毒害品和感染性物品,苯酚,酚；石炭酸,109-95-2,"1671,2312",61067,限制和控制部分,
毒害品和感染性物品,"甲苯-2,4-二异氰酸酯","2,4-二异酸甲苯酯",584-84-9,2078,61111,限制和控制部分,
毒害品和感染性物品,二氯甲烷,亚甲基氯；甲撑氯,75-09-2,1593,61552,限制和控制部分,
毒害品和感染性物品,三氯甲烷,氯仿,67-66-3,1888,61553,限制和控制部分,
毒害品和感染性物品,四氯化碳,四氯甲烷,56-23-5,1846,61554,限制和控制部分,
毒害品和感染性物品,碘甲烷,甲基碘,74-88-4,2644,61568,限制和控制部分,
毒害品和感染性物品,2-氯乙醇,乙撑氯醇,107-07-3,1135,61583,限制和控制部分,
毒害品和感染性物品,"1,1,3,3-四甲基-1-丁硫醇",特辛硫醇；叔辛硫醇,63834-87-7,3023,61591,限制和控制部分,
毒害品和感染性物品,氯甲酸(正)丁酯,,592-34-7,2743,61609,限制和控制部分,
毒害品和感染性物品,氯(代)乙腈,氰化氯甲烷；氯甲基氰,107-14-2,2668,61634,限制和控制部分,
毒害品和感染性物品,苯胺,氨基苯,62-53-3,1547,61746,限制和控制部分,
腐蚀品,氟化氢[无水],,7664-39-3,1052,81015,限制和控制部分,
腐蚀品,氢氟酸,氟化氢溶液,7664-39-3,1790,81016,限制和控制部分,
腐蚀品,溴,溴素,7726-95-6,1744,81021,限制和控制部分,
腐蚀品,氯磺酸,,7790-94-5,1754,81023,限制和控制部分,
腐蚀品,氯化亚砜,亚硫酰(二)氯；二氯氧化硫,7719-09-7,1836,81037,限制和控制部分,
腐蚀品,氧氯化磷,氯化磷酰；磷酰氯；三氯氧化磷,10025-87-3,1810,81040,限制和控制部分,
腐蚀品,三氯化铝［无水］,,7446-70-0,1726,81045,限制和控制部分,
腐蚀品,五氧化(二)磷,磷酸酐,1314-56-3,1807,81063,限制和控制部分,
腐蚀品,氯乙酰氯,氯化氯乙酰,79-40-9,1752,81118,限制和控制部分,
腐蚀品,甲(基)磺酰氯,氯化硫酰甲烷,124-63-0,,81127,限制和控制部分,
腐蚀品,氯乙酸,氯醋酸,79-11-8,1750,81603,限制和控制部分,
腐蚀品,丙烯酸［抑制了的］,,79-10-7,2218,81617,限制和控制部分,
腐蚀品,"1,2-乙二胺","1,2-二氨基乙烷；乙(撑)二胺",107-15-3,1604,82028,限制和控制部分,
腐蚀品,汞,水银,7439-97-6,2809,83505,限制和控制部分,
